timestamp,ax,ay,az,gx,gy,gz,label
1775211637886,0.65682983,7.1018977,5.989235,-0.17409147,-0.031764057,-0.42514968,walking
1775211637905,0.65682983,7.1018977,5.989235,-0.4086568,0.41048935,-0.18203248,walking
1775211637905,0.2117648,6.9296145,6.4677997,-0.4086568,0.41048935,-0.18203248,walking
1775211637906,0.08733802,6.838687,7.0133634,-0.4086568,0.41048935,-0.18203248,walking
1775211637906,0.08733802,6.838687,7.0133634,-0.39766157,0.46302223,-0.14293826,walking
1775211637923,0.0634098,6.7381887,6.9798636,-0.39766157,0.46302223,-0.14293826,walking
1775211637924,0.0634098,6.7381887,6.9798636,-0.2987043,0.40804598,-0.083075225,walking
1775211637946,0.0634098,6.7381887,6.9798636,-0.11300674,0.29931515,-0.061084725,walking
1775211637947,-0.39601216,6.5850477,6.8650084,-0.11300674,0.29931515,-0.061084725,walking
1775211637963,-0.60658056,6.4031935,6.506085,-0.11300674,0.29931515,-0.061084725,walking
1775211637963,-0.60658056,6.4031935,6.506085,0.059252184,0.1771457,-0.05131117,walking
1775211637982,-0.5300102,6.4175506,6.108876,0.059252184,0.1771457,-0.05131117,walking
1775211637983,-0.5300102,6.4175506,6.108876,0.14599249,0.10995251,-0.03787253,walking
1775211638002,-0.42951167,6.7238317,5.8839507,0.14599249,0.10995251,-0.03787253,walking
1775211638003,-0.42951167,6.7238317,5.8839507,0.13377555,0.13560809,-0.019547112,walking
1775211638022,-0.42951167,6.7238317,5.8839507,0.034818295,0.18325418,0.019547112,walking
1775211638023,-0.2955136,7.2550383,6.02752,0.034818295,0.18325418,0.019547112,walking
1775211638042,-0.18544376,7.948957,6.649654,0.034818295,0.18325418,0.019547112,walking
1775211638043,-0.18544376,7.948957,6.649654,-0.14110571,0.120947756,0.05986303,walking
1775211638061,-0.008374879,8.456235,6.678368,-0.14110571,0.120947756,0.05986303,walking
1775211638061,-0.008374879,8.456235,6.678368,-0.36345413,-0.06230642,0.07574506,walking
1775211638080,-0.008374879,8.456235,6.678368,-0.55770355,-0.20280129,0.06963659,walking
1775211638080,0.40797627,8.781659,6.2668023,-0.55770355,-0.20280129,0.06963659,walking
1775211638104,0.40797627,8.781659,6.2668023,-0.67498624,-0.23456535,0.06352811,walking
1775211638104,0.58504516,8.805588,5.989235,-0.67498624,-0.23456535,0.06352811,walking
1775211638119,0.6233303,8.738588,5.907879,-0.67498624,-0.23456535,0.06352811,walking
1775211638119,0.6233303,8.738588,5.907879,-0.70552856,-0.21379654,0.041537613,walking
1775211638138,0.6233303,8.738588,5.907879,-0.6847598,-0.12949961,-0.0061084726,walking
1775211638138,0.6089734,8.7673025,6.1902323,-0.6847598,-0.12949961,-0.0061084726,walking
1775211638158,0.6089734,8.7673025,6.1902323,-0.6114581,0.004886778,-0.08429692,walking
1775211638159,0.40797627,8.666803,6.242874,-0.6114581,0.004886778,-0.08429692,walking
1775211638178,0.40797627,8.666803,6.242874,-0.4734066,0.14293826,-0.14171657,walking
1775211638179,0.21655045,8.523234,6.343373,-0.4734066,0.14293826,-0.14171657,walking
1775211638197,0.21655045,8.523234,6.343373,-0.3219165,0.20524468,-0.15026842,walking
1775211638198,0.058624156,8.374879,6.5635123,-0.3219165,0.20524468,-0.15026842,walking
1775211638216,0.058624156,8.374879,6.5635123,-0.18264332,0.19302773,-0.12216945,walking
1775211638217,0.04426722,8.240881,6.6831536,-0.18264332,0.19302773,-0.12216945,walking
1775211638236,0.04426722,8.240881,6.6831536,-0.061695572,0.15393351,-0.07941014,walking
1775211638248,-0.032303106,8.106883,6.6592255,-0.061695572,0.15393351,-0.07941014,walking
1775211638260,-0.032303106,8.106883,6.6592255,0.015271181,0.098957255,-0.028098974,walking
1775211638260,0.025124637,7.8484583,6.6735826,0.015271181,0.098957255,-0.028098974,walking
1775211638275,0.025124637,7.8484583,6.6735826,0.02260135,0.028098974,0.0061084726,walking
1775211638276,0.049052864,7.570891,6.687939,0.02260135,0.028098974,0.0061084726,walking
1775211638293,0.049052864,7.570891,6.687939,-0.009162709,-0.025655584,-0.0219905,walking
1775211638294,0.18783657,7.240681,6.62094,-0.009162709,-0.025655584,-0.0219905,walking
1775211638314,0.18783657,7.240681,6.62094,-0.023823043,-0.042759307,-0.10750912,walking
1775211638315,0.45583272,7.068398,6.458228,-0.023823043,-0.042759307,-0.10750912,walking
1775211638333,0.45583272,7.068398,6.458228,0.004275931,-0.035429142,-0.21746163,walking
1775211638334,0.58504516,7.0205417,6.3625154,0.004275931,-0.035429142,-0.21746163,walking
1775211638351,0.58504516,7.0205417,6.3625154,0.0555871,-0.014660334,-0.29687178,walking
1775211638352,0.6089734,7.0061846,6.242874,0.0555871,-0.014660334,-0.29687178,walking
1775211638372,0.6089734,7.0061846,6.242874,0.08490777,0.015882028,-0.3310792,walking
1775211638373,0.5180461,7.025327,6.0658054,0.08490777,0.015882028,-0.3310792,walking
1775211638392,0.4989035,7.216753,5.989235,0.08490777,0.015882028,-0.3310792,walking
1775211638393,0.4989035,7.216753,5.989235,0.059252184,0.05619795,-0.3384094,walking
1775211638414,0.4989035,7.216753,5.989235,0.00671932,0.10995251,-0.3286358,walking
1775211638414,0.47976094,7.312466,5.9413786,0.00671932,0.10995251,-0.3286358,walking
1775211638430,0.47976094,7.312466,5.9413786,-0.034818295,0.17103723,-0.30420193,walking
1775211638431,0.34576288,7.432107,6.070591,-0.034818295,0.17103723,-0.30420193,walking
1775211638452,0.34576288,7.432107,6.070591,-0.06902574,0.21868332,-0.26022094,walking
1775211638452,0.15433706,7.5996046,6.4055862,-0.06902574,0.21868332,-0.26022094,walking
1775211638470,0.15433706,7.5996046,6.4055862,-0.11667182,0.23700874,-0.20646638,walking
1775211638471,-0.008374879,7.628319,6.735796,-0.11667182,0.23700874,-0.20646638,walking
1775211638488,-0.008374879,7.628319,6.735796,-0.15087928,0.25044736,-0.1808108,walking
1775211638489,-0.16151553,7.728817,6.759724,-0.15087928,0.25044736,-0.1808108,walking
1775211638508,-0.16151553,7.728817,6.759724,-0.15454435,0.2870982,-0.18569757,walking
1775211638509,-0.23808585,8.159525,7.1856465,-0.15454435,0.2870982,-0.18569757,walking
1775211638527,-0.23808585,8.159525,7.1856465,-0.18753012,0.28465483,-0.2003579,walking
1775211638528,-0.5204389,8.7673025,8.319844,-0.18753012,0.28465483,-0.2003579,walking
1775211638547,-0.5204389,8.7673025,8.319844,-0.28770906,0.21501824,-0.2223484,walking
1775211638548,-1.0420742,9.19801,9.305687,-0.28770906,0.21501824,-0.2223484,walking
1775211638576,-1.3579268,9.183653,9.731609,-0.28770906,0.21501824,-0.2223484,walking
1775211638576,-1.3579268,9.183653,9.731609,-0.36467582,0.13560809,-0.25899923,walking
1775211638589,-1.6067804,8.685946,9.5353985,-0.36467582,0.13560809,-0.25899923,walking
1775211638589,-1.6067804,8.685946,9.5353985,-0.2816006,0.07330167,-0.30420193,walking
1775211638607,-1.6067804,8.685946,9.5353985,-0.026266431,0.039094225,-0.3384094,walking
1775211638607,-1.841277,7.925029,9.066405,-0.026266431,0.039094225,-0.3384094,walking
1775211638629,-1.841277,7.925029,9.066405,0.22295925,0.057419643,-0.30420193,walking
1775211638630,-2.0662024,7.2550383,8.554341,0.22295925,0.057419643,-0.30420193,walking
1775211638646,-2.0662024,7.2550383,8.554341,0.35734564,0.0904054,-0.19302773,walking
1775211638647,-2.2289143,6.704689,7.850851,0.35734564,0.0904054,-0.19302773,walking
1775211638664,-2.2289143,6.704689,7.850851,0.40499175,0.11728267,-0.06230642,walking
1775211638665,-2.329413,6.283552,7.1042905,0.40499175,0.11728267,-0.06230642,walking
1775211638683,-2.329413,6.283552,7.1042905,0.38177955,0.16492876,0.030542362,walking
1775211638684,-2.3724837,6.04427,6.9655066,0.38177955,0.16492876,0.030542362,walking
1775211638709,-2.3724837,6.04427,6.9655066,0.24983653,0.21013145,0.09407048,walking
1775211638710,-2.3150558,5.910272,6.946364,0.24983653,0.21013145,0.09407048,walking
1775211638726,-2.3150558,5.910272,6.946364,0.06658235,0.263886,0.1575986,walking
1775211638727,-2.4155545,5.7284174,6.9128647,0.06658235,0.263886,0.1575986,walking
1775211638743,-2.4155545,5.7284174,6.9128647,-0.076355904,0.32497075,0.21868332,walking
1775211638744,-2.5734808,5.4460645,6.95115,-0.076355904,0.32497075,0.21868332,walking
1775211638761,-2.5734808,5.4460645,6.95115,-0.1655396,0.38239038,0.28098974,walking
1775211638761,-2.7122645,5.345566,7.1425757,-0.1655396,0.38239038,0.28098974,walking
1775211638781,-2.7122645,5.345566,7.1425757,-0.21807247,0.39338565,0.379947,walking
1775211638782,-2.5878377,5.3503513,7.2861447,-0.21807247,0.39338565,0.379947,walking
1775211638809,-2.5878377,5.3503513,7.2861447,-0.25350162,0.34085277,0.5155551,walking
1775211638810,-2.2576282,5.4699926,7.3866434,-0.25350162,0.34085277,0.5155551,walking
1775211638827,-2.2576282,5.4699926,7.3866434,-0.29015246,0.24678229,0.6523849,walking
1775211638828,-1.707279,5.5226345,7.611569,-0.29015246,0.24678229,0.6523849,walking
1775211638841,-1.707279,5.5226345,7.611569,-0.31580803,0.11972606,0.74889874,walking
1775211638841,-1.3579268,5.4795637,7.6259255,-0.31580803,0.11972606,0.74889874,walking
1775211638858,-1.3579268,5.4795637,7.6259255,-0.3268033,-0.002443389,0.8014316,walking
1775211638859,-1.1377872,5.426922,7.4679995,-0.3268033,-0.002443389,0.8014316,walking
1775211638882,-1.1377872,5.426922,7.4679995,-0.33046836,-0.07207998,0.8209787,walking
1775211638882,-0.9415757,5.245067,7.176075,-0.33046836,-0.07207998,0.8209787,walking
1775211638898,-0.9415757,5.245067,7.176075,-0.33902022,-0.070858285,0.8014316,walking
1775211638899,-0.77407813,5.1158547,6.769295,-0.33902022,-0.070858285,0.8014316,walking
1775211638917,-0.654437,5.2019963,6.573084,-0.33902022,-0.070858285,0.8014316,walking
1775211638918,-0.654437,5.2019963,6.573084,-0.3463504,-0.03420745,0.74156857,walking
1775211638936,-0.506082,5.2546387,6.2955165,-0.3463504,-0.03420745,0.74156857,walking
1775211638936,-0.506082,5.2546387,6.2955165,-0.35612395,-0.015882028,0.6731537,walking
1775211638970,-0.506082,5.2546387,6.2955165,-0.37811446,0.019547112,0.5986303,walking
1775211638970,-0.37686956,5.2737813,6.151947,-0.37811446,0.019547112,0.5986303,walking
1775211638983,-0.37686956,5.2737813,6.151947,-0.431869,0.047646087,0.52532864,walking
1775211638983,-0.39601216,5.345566,6.300302,-0.431869,0.047646087,0.52532864,walking
1775211638996,-0.39601216,5.345566,6.300302,-0.5234961,0.052532863,0.46180052,walking
1775211638997,-0.5491528,5.4987063,6.448657,-0.5234961,0.052532863,0.46180052,walking
1775211639018,-0.5491528,5.4987063,6.448657,-0.61634487,0.08063184,0.4031592,walking
1775211639018,-0.6305088,5.6853466,6.515656,-0.61634487,0.08063184,0.4031592,walking
1775211639034,-0.6305088,5.6853466,6.515656,-0.69819844,0.1123959,0.3591782,walking
1775211639035,-0.6735796,6.0729837,6.8506513,-0.69819844,0.1123959,0.3591782,walking
1775211639053,-0.6735796,6.0729837,6.8506513,-0.7776086,0.09407048,0.34329617,walking
1775211639054,-0.7070791,6.6759753,7.3435726,-0.7776086,0.09407048,0.34329617,walking
1775211639073,-0.7070791,6.6759753,7.3435726,-0.77883023,0.0036650836,0.36895174,walking
1775211639073,-0.6257231,7.499106,7.759924,-0.77883023,0.0036650836,0.36895174,walking
1775211639091,-0.6257231,7.499106,7.759924,-0.5858025,-0.09651387,0.39216393,walking
1775211639092,-0.41515473,8.355737,8.492127,-0.5858025,-0.09651387,0.39216393,walking
1775211639122,-0.38165522,9.298509,9.032906,-0.5858025,-0.09651387,0.39216393,walking
1775211639123,-0.38165522,9.298509,9.032906,-0.24494976,-0.1795891,0.3787253,walking
1775211639138,-0.276371,10.164711,9.425328,-0.24494976,-0.1795891,0.3787253,walking
1775211639138,-0.276371,10.164711,9.425328,0.18019994,-0.21746163,0.3164189,walking
1775211639152,-0.12323037,10.796415,9.798609,0.18019994,-0.21746163,0.3164189,walking
1775211639152,-0.12323037,10.796415,9.798609,0.5552602,-0.19180603,0.25289077,walking
1775211639170,-0.12323037,10.796415,9.798609,0.7886038,-0.13805148,0.21868332,walking
1775211639171,0.1591227,10.887343,9.937392,0.7886038,-0.13805148,0.21868332,walking
1775211639198,0.1591227,10.887343,9.937392,0.7947123,-0.061084725,0.18203248,walking
1775211639199,0.7190432,10.202995,10.73181,0.7947123,-0.061084725,0.18203248,walking
1775211639212,0.7190432,10.202995,10.73181,0.57358557,-0.05131117,0.10750912,walking
1775211639213,1.2502499,8.647661,11.219945,0.57358557,-0.05131117,0.10750912,walking
1775211639229,1.2502499,8.647661,11.219945,0.34512872,-0.05619795,0.01099525,walking
1775211639229,1.302892,6.7429743,10.80838,0.34512872,-0.05619795,0.01099525,walking
1775211639252,1.302892,6.7429743,10.80838,0.27427042,-0.025655584,-0.10750912,walking
1775211639253,1.2167503,4.9866424,9.927821,0.27427042,-0.025655584,-0.10750912,walking
1775211639268,1.2167503,4.9866424,9.927821,0.33046836,0.0036650836,-0.26144263,walking
1775211639269,1.1784651,3.7806597,8.927621,0.33046836,0.0036650836,-0.26144263,walking
1775211639286,1.1784651,3.7806597,8.927621,0.4355341,-0.017103724,-0.40682426,walking
1775211639287,1.3220345,3.034099,8.075776,0.4355341,-0.017103724,-0.40682426,walking
1775211639308,1.3220345,3.034099,8.075776,0.5234961,-0.105065726,-0.47401747,walking
1775211639309,1.585245,2.8522446,7.281359,0.5234961,-0.105065726,-0.47401747,walking
1775211639327,1.585245,2.8522446,7.281359,0.5430432,-0.23578705,-0.4495836,walking
1775211639327,1.896312,2.952743,6.8602223,0.5430432,-0.23578705,-0.4495836,walking
1775211639351,2.2695923,3.2159536,6.6975107,0.5430432,-0.23578705,-0.4495836,walking
1775211639352,2.2695923,3.2159536,6.6975107,0.4306473,-0.37628192,-0.3775036,walking
1775211639364,2.2695923,3.2159536,6.6975107,0.19852535,-0.50333816,-0.32985753,walking
1775211639365,2.2935205,3.522235,6.7118673,0.19852535,-0.50333816,-0.32985753,walking
1775211639387,2.2935205,3.522235,6.7118673,-0.080020994,-0.56442285,-0.35306972,walking
1775211639388,1.9202402,3.6275191,6.2524457,-0.080020994,-0.56442285,-0.35306972,walking
1775211639404,1.9202402,3.6275191,6.2524457,-0.33902022,-0.49845135,-0.46424392,walking
1775211639405,1.3986049,3.7710886,6.195018,-0.33902022,-0.49845135,-0.46424392,walking
1775211639434,1.3986049,3.7710886,6.195018,-0.5662554,-0.36895174,-0.62795097,walking
1775211639434,0.87218386,4.024728,6.410372,-0.5662554,-0.36895174,-0.62795097,walking
1775211639450,0.87218386,4.024728,6.410372,-0.75317466,-0.20890976,-0.7977665,walking
1775211639451,0.465404,4.436293,6.9894347,-0.75317466,-0.20890976,-0.7977665,walking
1775211639464,0.465404,4.436293,6.9894347,-0.8533536,-0.07818845,-0.94803494,walking
1775211639464,0.17347965,4.8622155,7.066005,-0.8533536,-0.07818845,-0.94803494,walking
1775211639482,0.17347965,4.8622155,7.066005,-0.8362499,0.009773556,-1.0604309,walking
1775211639482,0.07298109,5.302495,7.348358,-0.8362499,0.009773556,-1.0604309,walking
1775211639509,0.07298109,5.302495,7.348358,-0.73362756,0.017103724,-1.127624,walking
1775211639510,-0.046660043,5.8480587,7.7647095,-0.73362756,0.017103724,-1.127624,walking
1775211639523,-0.046660043,5.8480587,7.7647095,-0.56503373,-0.04031592,-1.1349542,walking
1775211639524,-0.18544376,6.216553,7.865208,-0.56503373,-0.04031592,-1.1349542,walking
1775211639540,-0.18544376,6.216553,7.865208,-0.3683409,-0.11972606,-1.0824213,walking
1775211639540,-0.37208393,6.599405,7.783852,-0.3683409,-0.11972606,-1.0824213,walking
1775211639560,-0.37208393,6.599405,7.783852,-0.19119519,-0.2015796,-0.98712915,walking
1775211639561,-0.5300102,6.800402,7.783852,-0.19119519,-0.2015796,-0.98712915,walking
1775211639589,-0.6257231,6.829116,7.5828547,-0.19119519,-0.2015796,-0.98712915,walking
1775211639589,-0.6257231,6.829116,7.5828547,-0.056808796,-0.27121618,-0.875955,walking
1775211639605,-0.6257231,6.829116,7.5828547,0.023823043,-0.29198498,-0.759894,walking
1775211639606,-0.7118647,6.853044,7.4010005,0.023823043,-0.29198498,-0.759894,walking
1775211639620,-0.7118647,6.853044,7.4010005,0.07513421,-0.28465483,-0.6536066,walking
1775211639620,-0.7932207,7.001399,7.3627152,0.07513421,-0.28465483,-0.6536066,walking
1775211639637,-0.7932207,7.001399,7.3627152,0.13255386,-0.2699945,-0.5522059,walking
1775211639638,-0.8458628,7.125826,7.300502,0.13255386,-0.2699945,-0.5522059,walking
1775211639658,-0.8458628,7.125826,7.300502,0.2131857,-0.2247918,-0.45202696,walking
1775211639658,-0.86979103,7.207182,7.5062847,0.2131857,-0.2247918,-0.45202696,walking
1775211639677,-0.86979103,7.207182,7.5062847,0.31458634,-0.16126367,-0.3579565,walking
1775211639677,-0.8458628,7.331609,7.6019974,0.31458634,-0.16126367,-0.3579565,walking
1775211639695,-0.8458628,7.331609,7.6019974,0.42209545,-0.06230642,-0.2736596,walking
1775211639696,-0.8458628,7.456035,7.520642,0.42209545,-0.06230642,-0.2736596,walking
1775211639716,-0.8458628,7.456035,7.520642,0.4782934,0.06963659,-0.1783674,walking
1775211639716,-0.87936234,7.6426754,7.8556366,0.4782934,0.06963659,-0.1783674,walking
1775211639746,-0.87936234,7.6426754,7.8556366,0.46851984,0.16126367,-0.046424393,walking
1775211639746,-1.0851451,8.092526,8.5112705,0.46851984,0.16126367,-0.046424393,walking
1775211639760,-1.0851451,8.092526,8.5112705,0.4343124,0.1795891,0.12216945,walking
1775211639760,-1.3674982,8.772088,9.243474,0.4343124,0.1795891,0.12216945,walking
1775211639773,-1.3674982,8.772088,9.243474,0.3206948,0.14415996,0.32008398,walking
1775211639773,-1.4871392,9.23151,10.291531,0.3206948,0.14415996,0.32008398,walking
1775211639793,-1.4871392,9.23151,10.291531,0.007941014,0.08063184,0.5192202,walking
1775211639793,-1.5732809,8.628518,11.693725,0.007941014,0.08063184,0.5192202,walking
1775211639813,-1.5732809,8.628518,11.693725,-0.343907,0.054976255,0.6450547,walking
1775211639813,-1.7407784,7.3363943,12.000006,-0.343907,0.054976255,0.6450547,walking
1775211639834,-1.7407784,7.3363943,12.000006,-0.31092125,0.04886778,0.6536066,walking
1775211639834,-1.6163517,6.0490556,11.607583,-0.31092125,0.04886778,0.6536066,walking
1775211639851,-1.4201403,4.5894337,10.339387,-0.31092125,0.04886778,0.6536066,walking
1775211639852,-1.4201403,4.5894337,10.339387,0.060473878,0.012216945,0.59130013,walking
1775211639871,-1.4201403,4.5894337,10.339387,0.4734066,0.046424393,0.5082249,walking
1775211639872,-1.2382857,3.871587,8.520842,0.4734066,0.046424393,0.5082249,walking
1775211639901,-1.2382857,3.871587,8.520842,0.7592831,0.17348062,0.4446968,walking
1775211639901,-1.1377872,3.7136607,7.2287173,0.7592831,0.17348062,0.4446968,walking
1775211639916,-1.1377872,3.7136607,7.2287173,0.84968853,0.3151972,0.43247986,walking
1775211639917,-1.2335001,3.8620157,6.5682983,0.84968853,0.3151972,0.43247986,walking
1775211639931,-1.2335001,3.8620157,6.5682983,0.71408045,0.42881477,0.47523916,walking
1775211639932,-1.4679967,3.9720855,6.352944,0.71408045,0.42881477,0.47523916,walking
1775211639949,-1.4679967,3.9720855,6.352944,0.40010494,0.4911212,0.5241069,walking
1775211639950,-1.7694924,4.048656,6.3338017,0.40010494,0.4911212,0.5241069,walking
1775211639978,-1.7694924,4.048656,6.3338017,0.021379653,0.49845135,0.5546493,walking
1775211639979,-2.070988,4.2448673,6.4199433,0.021379653,0.49845135,0.5546493,walking
1775211639994,-2.070988,4.2448673,6.4199433,-0.31458634,0.47279578,0.5815266,walking
1775211639994,-2.0470598,4.508078,6.62094,-0.31458634,0.47279578,0.5815266,walking
1775211640006,-1.7120646,4.9052863,6.936793,-0.31458634,0.47279578,0.5815266,walking
1775211640007,-1.7120646,4.9052863,6.936793,-0.5784724,0.43247986,0.6267293,walking
1775211640027,-1.7120646,4.9052863,6.936793,-0.76050484,0.36284328,0.68292725,walking
1775211640027,-1.1617154,5.1732826,7.420143,-0.76050484,0.36284328,0.68292725,walking
1775211640056,-1.1617154,5.1732826,7.420143,-0.8167028,0.25655586,0.700031,walking
1775211640057,-0.8458628,5.3790655,7.6546397,-0.8167028,0.25655586,0.700031,walking
1775211640073,-0.8458628,5.3790655,7.6546397,-0.7458445,0.15882029,0.687814,walking
1775211640074,-0.71665037,5.4460645,7.7216387,-0.7458445,0.15882029,0.687814,walking
1775211640087,-0.71665037,5.4460645,7.7216387,-0.5894676,0.114839286,0.65849334,walking
1775211640088,-0.6257231,5.517849,7.702496,-0.5894676,0.114839286,0.65849334,walking
1775211640105,-0.6257231,5.517849,7.702496,-0.4111002,0.11606098,0.6218425,walking
1775211640106,-0.5491528,5.5896335,7.5589266,-0.4111002,0.11606098,0.6218425,walking
1775211640134,-0.5491528,5.5896335,7.5589266,-0.28282228,0.14415996,0.57663983,walking
1775211640135,-0.48215377,5.709275,7.429714,-0.28282228,0.14415996,0.57663983,walking
1775211640147,-0.48215377,5.709275,7.429714,-0.22662434,0.17348062,0.5155551,walking
1775211640148,-0.43429732,5.8432727,7.4440713,-0.22662434,0.17348062,0.5155551,walking
1775211640162,-0.43429732,5.8432727,7.4440713,-0.22173755,0.1783674,0.4495836,walking
1775211640163,-0.46301118,6.0107703,7.396215,-0.22173755,0.1783674,0.4495836,walking
1775211640182,-0.49172506,6.101698,7.5062847,-0.22173755,0.1783674,0.4495836,walking
1775211640183,-0.49172506,6.101698,7.5062847,-0.24983653,0.16859384,0.4031592,walking
1775211640201,-0.49172506,6.101698,7.5062847,-0.29381752,0.14049487,0.36895174,walking
1775211640203,-0.49172506,6.2404814,7.7647095,-0.29381752,0.14049487,0.36895174,walking
1775211640222,-0.43908295,6.350551,7.989635,-0.29381752,0.14049487,0.36895174,walking
1775211640223,-0.43908295,6.350551,7.989635,-0.28893074,0.08551861,0.32008398,walking
1775211640242,-0.43908295,6.350551,7.989635,-0.18264332,0.029320668,0.24678229,walking
1775211640243,-0.39601216,6.422336,8.10449,-0.18264332,0.029320668,0.24678229,walking
1775211640259,-0.39601216,6.422336,8.10449,-0.015271181,-0.018325418,0.16126367,walking
1775211640260,-0.47258246,6.5659056,8.152347,-0.015271181,-0.018325418,0.16126367,walking
1775211640280,-0.5491528,6.7381887,8.142776,-0.015271181,-0.018325418,0.16126367,walking
1775211640280,-0.5491528,6.7381887,8.142776,0.114228435,-0.05619795,0.08674031,walking
1775211640301,-0.5491528,6.7381887,8.142776,0.17409147,-0.092848785,0.014660334,walking
1775211640302,-0.56829536,6.8339014,8.10449,0.17409147,-0.092848785,0.014660334,walking
1775211640317,-0.56829536,6.8339014,8.10449,0.20463383,-0.1111742,-0.07207998,walking
1775211640318,-0.5347959,7.0492554,8.118847,0.20463383,-0.1111742,-0.07207998,walking
1775211640337,-0.5347959,7.0492554,8.118847,0.23639789,-0.11606098,-0.16126367,walking
1775211640338,-0.4869394,7.408179,8.338987,0.23639789,-0.11606098,-0.16126367,walking
1775211640357,-0.4869394,7.408179,8.338987,0.299926,-0.13072132,-0.2443389,walking
1775211640358,-0.39601216,7.853244,8.673982,0.299926,-0.13072132,-0.2443389,walking
1775211640376,-0.39601216,7.853244,8.673982,0.41720867,-0.123391144,-0.31764057,walking
1775211640377,-0.2428715,8.389236,9.195618,0.41720867,-0.123391144,-0.31764057,walking
1775211640402,-0.2428715,8.389236,9.195618,0.5076141,-0.10384403,-0.3811687,walking
1775211640402,-0.041874398,8.590233,10.238888,0.5076141,-0.10384403,-0.3811687,walking
1775211640419,-0.041874398,8.590233,10.238888,0.431869,-0.123391144,-0.43247986,walking
1775211640419,0.18305093,8.19781,11.143375,0.431869,-0.123391144,-0.43247986,walking
1775211640435,0.08733802,7.2646093,10.736595,0.431869,-0.123391144,-0.43247986,walking
1775211640436,0.08733802,7.2646093,10.736595,0.2779355,-0.12583454,-0.47035238,walking
1775211640453,0.08733802,7.2646093,10.736595,0.27427042,-0.06352811,-0.49967307,walking
1775211640454,-0.061016977,6.245267,10.037891,0.27427042,-0.06352811,-0.49967307,walking
1775211640479,-0.061016977,6.245267,10.037891,0.39766157,0.002443389,-0.5289937,walking
1775211640480,-0.07537391,5.2402816,9.243474,0.39766157,0.002443389,-0.5289937,walking
1775211640493,-0.07537391,5.2402816,9.243474,0.5430432,0.03298575,-0.52166355,walking
1775211640494,-0.02751746,4.4554358,8.157132,0.5430432,0.03298575,-0.52166355,walking
1775211640513,-0.02751746,4.4554358,8.157132,0.6847598,0.012216945,-0.44103172,walking
1775211640514,0.039481573,3.9242291,7.1282187,0.6847598,0.012216945,-0.44103172,walking
1775211640536,0.039481573,3.9242291,7.1282187,0.7983774,-0.06352811,-0.30786702,walking
1775211640536,0.049052864,3.7806597,6.5443697,0.7983774,-0.06352811,-0.30786702,walking
1775211640553,0.049052864,3.7806597,6.5443697,0.75806147,-0.16981554,-0.14660335,walking
1775211640554,0.15433706,4.058227,6.410372,0.75806147,-0.16981554,-0.14660335,walking
1775211640571,0.15433706,4.058227,6.410372,0.5076141,-0.2858765,0.01343864,walking
1775211640572,0.34097722,4.2927237,6.32423,0.5076141,-0.2858765,0.01343864,walking
1775211640590,0.34097722,4.2927237,6.32423,0.13988402,-0.38239038,0.11972606,walking
1775211640591,0.42711884,4.45065,6.1998034,0.13988402,-0.38239038,0.11972606,walking
1775211640612,0.42711884,4.45065,6.1998034,-0.26449686,-0.41048935,0.120947756,walking
1775211640613,0.23569304,4.479364,6.166304,-0.26449686,-0.41048935,0.120947756,walking
1775211640628,0.23569304,4.479364,6.166304,-0.6774296,-0.34573954,-0.0012216945,walking
1775211640629,-0.013160525,4.536792,6.262017,-0.6774296,-0.34573954,-0.0012216945,walking
1775211640649,-0.013160525,4.536792,6.262017,-1.0280559,-0.19791451,-0.2003579,walking
1775211640650,-0.2620141,4.776074,6.7932234,-1.0280559,-0.19791451,-0.2003579,walking
1775211640669,-0.2620141,4.776074,6.7932234,-1.219862,-0.0061084726,-0.4263714,walking
1775211640670,-0.5778667,5.1349974,7.200003,-1.219862,-0.0061084726,-0.4263714,walking
1775211640692,-0.5778667,5.1349974,7.200003,-1.1832111,0.19913621,-0.61206895,walking
1775211640693,-0.654437,5.6709895,7.6594253,-1.1832111,0.19913621,-0.61206895,walking
1775211640710,-0.654437,5.6709895,7.6594253,-0.97552305,0.32619244,-0.66338015,walking
1775211640711,-0.654437,6.1878395,8.233703,-0.97552305,0.32619244,-0.66338015,walking
1775211640728,-0.654437,6.1878395,8.233703,-0.71530217,0.29565006,-0.5570927,walking
1775211640729,-0.721436,6.6185474,8.405986,-0.71530217,0.29565006,-0.5570927,walking
1775211640746,-0.721436,6.6185474,8.405986,-0.46241137,0.17348062,-0.34451786,walking
1775211640747,-0.7262217,6.652047,8.185846,-0.46241137,0.17348062,-0.34451786,walking
1775211640770,-0.7262217,6.652047,8.185846,-0.2596101,0.046424393,-0.105065726,walking
1775211640771,-0.6161518,6.407979,7.8077803,-0.2596101,0.046424393,-0.105065726,walking
1775211640786,-0.6161518,6.407979,7.8077803,-0.15820944,-0.047646087,0.08674031,walking
1775211640787,-0.40558344,6.1639113,7.448857,-0.15820944,-0.047646087,0.08674031,walking
1775211640813,-0.13758731,6.0825553,7.176075,-0.15820944,-0.047646087,0.08674031,walking
1775211640814,-0.13758731,6.0825553,7.176075,-0.15087928,-0.09651387,0.19791451,walking
1775211640830,0.12083755,6.2117677,6.9415784,-0.15087928,-0.09651387,0.19791451,walking
1775211640830,0.12083755,6.2117677,6.9415784,-0.17653486,-0.10017895,0.23945212,walking
1775211640845,0.12083755,6.2117677,6.9415784,-0.17897825,-0.07330167,0.23334365,walking
1775211640846,0.2883351,6.4366927,6.936793,-0.17897825,-0.07330167,0.23334365,walking
1775211640867,0.2883351,6.4366927,6.936793,-0.124001995,-0.028098974,0.21135315,walking
1775211640868,0.3361916,6.719046,7.1042905,-0.124001995,-0.028098974,0.21135315,walking
1775211640883,0.3361916,6.719046,7.1042905,-0.0030542363,0.02443389,0.2003579,walking
1775211640883,0.32662028,7.0205417,7.4775705,-0.0030542363,0.02443389,0.2003579,walking
1775211640902,0.32662028,7.0205417,7.4775705,0.1655396,0.067193195,0.19547112,walking
1775211640903,0.23569304,7.1784678,7.836494,0.1655396,0.067193195,0.19547112,walking
1775211640926,0.23569304,7.1784678,7.836494,0.30603448,0.1123959,0.19180603,walking
1775211640926,0.096909314,7.288538,8.195417,0.30603448,0.1123959,0.19180603,walking
1775211640941,0.096909314,7.288538,8.195417,0.3915531,0.15271181,0.2015796,walking
1775211640942,0.0059820567,7.259824,8.506484,0.3915531,0.15271181,0.2015796,walking
1775211640961,0.0059820567,7.259824,8.506484,0.46363306,0.16004199,0.2223484,walking
1775211640962,-0.0035892338,7.1688967,8.750552,0.46363306,0.16004199,0.2223484,walking
1775211640980,-0.0035892338,7.1688967,8.750552,0.5442649,0.12461284,0.25044736,walking
1775211640984,-0.08015956,7.2789664,9.114262,0.5442649,0.12461284,0.25044736,walking
1775211641002,-0.08015956,7.2789664,9.114262,0.6151232,0.054976255,0.2675511,walking
1775211641003,-0.2428715,7.867601,9.564112,0.6151232,0.054976255,0.2675511,walking
1775211641019,-0.2428715,7.867601,9.564112,0.59924114,-0.020768806,0.26877278,walking
1775211641020,-0.20458634,8.508878,10.482956,0.59924114,-0.020768806,0.26877278,walking
1775211641038,-0.1471586,8.130812,11.487942,0.59924114,-0.020768806,0.26877278,walking
1775211641039,-0.1471586,8.130812,11.487942,0.3732277,-0.07574506,0.27854636,walking
1775211641058,-0.1471586,8.130812,11.487942,0.025044737,-0.06352811,0.2858765,walking
1775211641059,-0.27158538,6.943971,11.650654,0.025044737,-0.06352811,0.2858765,walking
1775211641081,-0.27158538,6.943971,11.650654,-0.06536066,-0.02443389,0.2663294,walking
1775211641082,-0.43908295,5.690132,11.32523,-0.06536066,-0.02443389,0.2663294,walking
1775211641096,-0.43908295,5.690132,11.32523,0.11300674,-0.041537613,0.23334365,walking
1775211641096,-0.51565325,4.3740797,9.769895,0.11300674,-0.041537613,0.23334365,walking
1775211641117,-0.51565325,4.3740797,9.769895,0.35612395,-0.042759307,0.175924,walking
1775211641118,-0.46779683,3.4408789,7.735996,0.35612395,-0.042759307,0.175924,walking
1775211641142,-0.4438686,3.0723844,6.597012,0.35612395,-0.042759307,0.175924,walking
1775211641142,-0.4438686,3.0723844,6.597012,0.5552602,0.036650836,0.076966755,walking
1775211641156,-0.4438686,3.0723844,6.597012,0.57725066,0.14415996,-0.029320668,walking
1775211641156,-0.36729828,3.522235,6.3720865,0.57725066,0.14415996,-0.029320668,walking
1775211641175,-0.36729828,3.522235,6.3720865,0.32558158,0.20890976,-0.08185353,walking
1775211641176,-0.506082,3.8668015,6.501299,0.32558158,0.20890976,-0.08185353,walking
1775211641203,-0.506082,3.8668015,6.501299,-0.117893524,0.21379654,-0.105065726,walking
1775211641204,-0.81236327,4.0965123,6.4055862,-0.117893524,0.21379654,-0.105065726,walking
1775211641216,-0.81236327,4.0965123,6.4055862,-0.5858025,0.18569757,-0.09773556,walking
1775211641216,-0.84107715,4.3118663,6.4773707,-0.5858025,0.18569757,-0.09773556,walking
1775211641232,-0.84107715,4.3118663,6.4773707,-0.95597595,0.11850437,-0.015882028,walking
1775211641233,-0.587438,4.469793,6.721439,-0.95597595,0.11850437,-0.015882028,walking
1775211641260,-0.587438,4.469793,6.721439,-1.1844329,0.018325418,0.09773556,walking
1775211641260,-0.1902294,4.7282176,7.21436,-1.1844329,0.018325418,0.09773556,walking
1775211641274,-0.1902294,4.7282176,7.21436,-1.2418525,-0.120947756,0.19058435,walking
1775211641275,0.17347965,4.981857,7.865208,-1.2418525,-0.120947756,0.19058435,walking
1775211641292,0.17347965,4.981857,7.865208,-1.1062444,-0.24800399,0.22601348,walking
1775211641292,0.31226337,5.015356,7.8891363,-1.1062444,-0.24800399,0.22601348,walking
1775211641312,0.29312077,5.072784,7.7216387,-1.1062444,-0.24800399,0.22601348,walking
1775211641313,0.29312077,5.072784,7.7216387,-0.8252546,-0.27610296,0.2015796,walking
1775211641331,0.29312077,5.072784,7.7216387,-0.57236385,-0.2211267,0.15026842,walking
1775211641332,0.2213361,5.312066,7.769495,-0.57236385,-0.2211267,0.15026842,walking
1775211641358,0.2213361,5.312066,7.769495,-0.46729815,-0.14660335,0.07574506,walking
1775211641359,0.106480606,5.623133,7.893922,-0.46729815,-0.14660335,0.07574506,walking
1775211641372,0.106480606,5.623133,7.893922,-0.47585002,-0.09407048,-0.03787253,walking
1775211641373,-0.02751746,5.7762737,7.9369926,-0.47585002,-0.09407048,-0.03787253,walking
1775211641388,-0.02751746,5.7762737,7.9369926,-0.5015056,-0.0452027,-0.17470232,walking
1775211641389,-0.19980069,5.881558,8.090134,-0.5015056,-0.0452027,-0.17470232,walking
1775211641409,-0.19980069,5.881558,8.090134,-0.4795151,-0.01343864,-0.29809347,walking
1775211641409,-0.4103691,6.1064835,8.372486,-0.4795151,-0.01343864,-0.29809347,walking
1775211641439,-0.4103691,6.1064835,8.372486,-0.39399648,-0.007330167,-0.38239038,walking
1775211641440,-0.6017949,6.34098,8.559127,-0.39399648,-0.007330167,-0.38239038,walking
1775211641454,-0.6017949,6.34098,8.559127,-0.25716668,-0.004886778,-0.41048935,walking
1775211641454,-0.7118647,6.5084777,8.707481,-0.25716668,-0.004886778,-0.41048935,walking
1775211641466,-0.7118647,6.5084777,8.707481,-0.08979455,-0.0061084726,-0.38605547,walking
1775211641467,-0.9176475,6.570691,8.7984085,-0.08979455,-0.0061084726,-0.38605547,walking
1775211641487,-1.099502,6.5228343,8.932407,-0.08979455,-0.0061084726,-0.38605547,walking
1775211641488,-1.099502,6.5228343,8.932407,0.08124269,-0.018325418,-0.335966,walking
1775211641518,-1.099502,6.5228343,8.932407,0.22418094,-0.06474981,-0.27488127,walking
1775211641519,-1.2287145,6.3361945,8.831908,0.22418094,-0.06474981,-0.27488127,walking
1775211641533,-1.2287145,6.3361945,8.831908,0.33657685,-0.12949961,-0.21746163,walking
1775211641534,-1.2909278,6.020342,8.520842,0.33657685,-0.12949961,-0.21746163,walking
1775211641547,-1.2909278,6.020342,8.520842,0.40377003,-0.16615045,-0.19547112,walking
1775211641547,-1.2765709,5.771488,8.224132,0.40377003,-0.16615045,-0.19547112,walking
1775211641564,-1.1473584,5.8672013,8.396415,0.40377003,-0.16615045,-0.19547112,walking
1775211641565,-1.1473584,5.8672013,8.396415,0.42698222,-0.15026842,-0.2211267,walking
1775211641594,-1.1473584,5.8672013,8.396415,0.45141613,-0.12461284,-0.27243787,walking
1775211641595,-0.97507524,6.5515485,8.812766,0.45141613,-0.12461284,-0.27243787,walking
1775211641610,-0.97507524,6.5515485,8.812766,0.5467083,-0.08674031,-0.2858765,walking
1775211641611,-0.73579293,7.5996046,9.18126,0.5467083,-0.08674031,-0.2858765,walking
1775211641625,-0.73579293,7.5996046,9.18126,0.663991,-0.030542362,-0.2247918,walking
1775211641626,-0.49651068,8.327023,10.085748,0.663991,-0.030542362,-0.2247918,walking
1775211641640,-0.49651068,8.327023,10.085748,0.57969403,-0.015882028,-0.1368298,walking
1775211641641,-0.30987054,8.336594,11.784652,0.57969403,-0.015882028,-0.1368298,walking
1775211641660,-0.30987054,8.336594,11.784652,0.2522799,-0.0659715,-0.067193195,walking
1775211641661,-0.1902294,7.728817,12.21536,0.2522799,-0.0659715,-0.067193195,walking
1775211641680,-0.1902294,7.728817,12.21536,0.07146913,-0.08551861,-0.041537613,walking
1775211641680,-0.18544376,6.398408,11.58844,0.07146913,-0.08551861,-0.041537613,walking
1775211641703,-0.18544376,6.398408,11.58844,0.211964,-0.04886778,-0.083075225,walking
1775211641704,-0.17587246,5.288138,10.502099,0.211964,-0.04886778,-0.083075225,walking
1775211641719,-0.17587246,5.288138,10.502099,0.51127917,0.007330167,-0.12705623,walking
1775211641720,-0.1471586,4.3645086,9.286545,0.51127917,0.007330167,-0.12705623,walking
1775211641750,-0.1471586,4.3645086,9.286545,0.8252546,0.0036650836,-0.1563769,walking
1775211641751,0.0059820567,3.9194436,8.262417,0.8252546,0.0036650836,-0.1563769,walking
1775211641767,0.0059820567,3.9194436,8.262417,1.0353861,-0.076966755,-0.1331647,walking
1775211641767,0.24047868,3.9433718,7.463214,1.0353861,-0.076966755,-0.1331647,walking
1775211641779,0.24047868,3.9433718,7.463214,1.0781454,-0.1795891,-0.036650836,walking
1775211641779,0.56111693,4.0534415,7.018149,1.0781454,-0.1795891,-0.036650836,walking
1775211641797,0.56111693,4.0534415,7.018149,0.9669712,-0.26266432,0.09407048,walking
1775211641798,0.84347,4.072584,6.903293,0.9669712,-0.26266432,0.09407048,walking
1775211641818,0.84347,4.072584,6.903293,0.723854,-0.30420193,0.19913621,walking
1775211641819,0.8530413,3.9720855,6.95115,0.723854,-0.30420193,0.19913621,walking
1775211641836,0.8530413,3.9720855,6.95115,0.38300124,-0.30298024,0.22845687,walking
1775211641837,0.4989035,3.8141594,6.6831536,0.38300124,-0.30298024,0.22845687,walking
1775211641862,0.4989035,3.8141594,6.6831536,0.012827792,-0.2223484,0.16492876,walking
1775211641862,0.14955142,3.5605202,6.4869423,0.012827792,-0.2223484,0.16492876,walking
1775211641877,-0.20458634,3.5557344,6.448657,0.012827792,-0.2223484,0.16492876,walking
1775211641878,-0.20458634,3.5557344,6.448657,-0.32924667,-0.07574506,0.030542362,walking
1775211641896,-0.20458634,3.5557344,6.448657,-0.60779303,0.10140064,-0.11606098,walking
1775211641897,-0.45822555,3.7615173,6.611369,-0.60779303,0.10140064,-0.11606098,walking
1775211641915,-0.45822555,3.7615173,6.611369,-0.79959905,0.26266432,-0.23945212,walking
1775211641916,-0.6735796,4.063013,6.7932234,-0.79959905,0.26266432,-0.23945212,walking
1775211641934,-0.8650054,4.4315076,6.9559355,-0.79959905,0.26266432,-0.23945212,walking
1775211641935,-0.8650054,4.4315076,6.9559355,-0.88633937,0.34573954,-0.32985753,walking
1775211641956,-0.82672024,4.8191447,6.8458657,-0.88633937,0.34573954,-0.32985753,walking
1775211641957,-0.82672024,4.8191447,6.8458657,-0.86923563,0.335966,-0.3542914,walking
1775211641973,-0.82672024,4.8191447,6.8458657,-0.7898255,0.27976805,-0.2932067,walking
1775211641974,-0.7501499,5.221139,6.8410797,-0.7898255,0.27976805,-0.2932067,walking
1775211641994,-0.70229346,5.761917,6.879365,-0.7898255,0.27976805,-0.2932067,walking
1775211641994,-0.70229346,5.761917,6.879365,-0.69819844,0.2003579,-0.18203248,walking
1775211642013,-0.51565325,6.2261243,7.166504,-0.69819844,0.2003579,-0.18203248,walking
1775211642014,-0.51565325,6.2261243,7.166504,-0.6297835,0.11361759,-0.06474981,walking
1775211642031,-0.32422748,6.599405,7.4153576,-0.6297835,0.11361759,-0.06474981,walking
1775211642032,-0.32422748,6.599405,7.4153576,-0.5943544,0.031764057,0.042759307,walking
1775211642051,-0.21894327,6.896115,7.688139,-0.5943544,0.031764057,0.042759307,walking
1775211642052,-0.21894327,6.896115,7.688139,-0.55403847,-0.036650836,0.12827793,walking
1775211642071,-0.21894327,6.896115,7.688139,-0.4379775,-0.07941014,0.175924,walking
1775211642071,-0.07537391,7.097112,7.879565,-0.4379775,-0.07941014,0.175924,walking
1775211642089,-0.07537391,7.097112,7.879565,-0.23884128,-0.08429692,0.20524468,walking
1775211642090,0.12562318,7.245467,8.085348,-0.23884128,-0.08429692,0.20524468,walking
1775211642118,0.12562318,7.245467,8.085348,-0.048256934,-0.031764057,0.23823044,walking
1775211642118,0.3361916,7.3986077,8.315059,-0.048256934,-0.031764057,0.23823044,walking
1775211642134,0.3361916,7.3986077,8.315059,0.09101624,0.08185353,0.2675511,walking
1775211642135,0.56111693,7.3842506,8.405986,0.09101624,0.08185353,0.2675511,walking
1775211642148,0.58504516,7.245467,8.611769,0.09101624,0.08185353,0.2675511,walking
1775211642148,0.58504516,7.245467,8.611769,0.19119519,0.20524468,0.2858765,walking
1775211642168,0.39361933,7.0540414,8.736196,0.19119519,0.20524468,0.2858765,walking
1775211642169,0.39361933,7.0540414,8.736196,0.29015246,0.263886,0.3090887,walking
1775211642195,0.39361933,7.0540414,8.736196,0.39643988,0.26022094,0.34818295,walking
1775211642196,0.31226337,7.015756,8.970692,0.39643988,0.26022094,0.34818295,walking
1775211642208,0.31226337,7.015756,8.970692,0.48562357,0.19547112,0.38972056,walking
1775211642209,0.317049,7.2358956,9.406186,0.48562357,0.19547112,0.38972056,walking
1775211642227,0.317049,7.2358956,9.406186,0.55281675,0.087962,0.4007158,walking
1775211642228,0.2548356,7.685746,9.645468,0.55281675,0.087962,0.4007158,walking
1775211642248,0.2548356,7.685746,9.645468,0.57725066,0.0,0.3579565,walking
1775211642249,0.15433706,8.379665,10.171889,0.57725066,0.0,0.3579565,walking
1775211642264,0.020338992,8.513663,11.215159,0.57725066,0.0,0.3579565,walking
1775211642265,0.020338992,8.513663,11.215159,0.43675578,-0.042759307,0.2932067,walking
1775211642286,-0.19980069,7.9106717,11.416157,0.43675578,-0.042759307,0.2932067,walking
1775211642286,-0.19980069,7.9106717,11.416157,0.15332267,0.007330167,0.25044736,walking
1775211642305,-0.19980069,7.9106717,11.416157,0.08246438,0.131943,0.21990502,walking
1775211642305,-0.36251262,6.541977,11.32523,0.08246438,0.131943,0.21990502,walking
1775211642322,-0.36251262,6.541977,11.32523,0.33169007,0.18936265,0.19302773,walking
1775211642323,-0.6687939,5.2737813,10.396814,0.33169007,0.18936265,0.19302773,walking
1775211642351,-0.6687939,5.2737813,10.396814,0.65543914,0.1808108,0.18814096,walking
1775211642351,-0.84107715,4.3262234,8.8701935,0.65543914,0.1808108,0.18814096,walking
1775211642367,-0.84107715,4.3262234,8.8701935,0.8753441,0.15882029,0.18936265,walking
1775211642368,-0.9559326,3.9481573,7.6163545,0.8753441,0.15882029,0.18936265,walking
1775211642380,-0.9559326,3.9481573,7.6163545,0.9046648,0.14660335,0.20402299,walking
1775211642380,-0.9559326,4.019942,6.984649,0.9046648,0.14660335,0.20402299,walking
1775211642401,-0.9559326,4.019942,6.984649,0.73362756,0.12949961,0.21746163,walking
1775211642402,-1.0660025,4.1204405,6.788438,0.73362756,0.12949961,0.21746163,walking
1775211642429,-1.0660025,4.1204405,6.788438,0.46607646,0.10262234,0.175924,walking
1775211642430,-1.1377872,4.2975097,6.8410797,0.46607646,0.10262234,0.175924,walking
1775211642446,-1.1377872,4.2975097,6.8410797,0.15698774,0.08063184,0.12705623,walking
1775211642446,-1.1952149,4.273581,6.8171515,0.15698774,0.08063184,0.12705623,walking
1775211642459,-1.1952149,4.273581,6.8171515,-0.12522368,0.08429692,0.10140064,walking
1775211642459,-1.2000005,4.2448673,6.7405815,-0.12522368,0.08429692,0.10140064,walking
1775211642478,-1.2000005,4.2448673,6.7405815,-0.33902022,0.08063184,0.092848785,walking
1775211642479,-1.0468599,4.4315076,6.9224358,-0.33902022,0.08063184,0.092848785,walking
1775211642506,-1.0468599,4.4315076,6.9224358,-0.49295375,0.03420745,0.09529217,walking
1775211642507,-0.8171489,4.575077,7.396215,-0.49295375,0.03420745,0.09529217,walking
1775211642522,-0.8171489,4.575077,7.396215,-0.5980195,-0.036650836,0.08185353,walking
1775211642522,-0.56829536,4.618148,7.62114,-0.5980195,-0.036650836,0.08185353,walking
1775211642537,-0.56829536,4.618148,7.62114,-0.63955706,-0.10628742,0.06352811,walking
1775211642538,-0.3290131,4.5320063,7.54457,-0.63955706,-0.10628742,0.06352811,walking
1775211642560,-0.3290131,4.5320063,7.54457,-0.5943544,-0.14171657,0.036650836,walking
1775211642561,-0.11844472,4.4554358,7.166504,-0.5943544,-0.14171657,0.036650836,walking
1775211642577,-0.11844472,4.4554358,7.166504,-0.48195848,-0.13927318,0.0,walking
1775211642578,-0.022731815,4.465007,6.73101,-0.48195848,-0.13927318,0.0,walking
1775211642595,0.0011964113,4.6803613,6.65444,-0.48195848,-0.13927318,0.0,walking
1775211642596,0.0011964113,4.6803613,6.65444,-0.3671192,-0.11728267,-0.03787253,walking
1775211642619,0.0011964113,4.6803613,6.65444,-0.3231382,-0.11361759,-0.0684149,walking
1775211642619,-0.01794617,4.910072,6.6831536,-0.3231382,-0.11361759,-0.0684149,walking
1775211642636,-0.01794617,4.910072,6.6831536,-0.3732277,-0.10750912,-0.08429692,walking
1775211642636,-0.07537391,5.1732826,6.903293,-0.3732277,-0.10750912,-0.08429692,walking
1775211642654,-0.07537391,5.1732826,6.903293,-0.4990622,-0.087962,-0.09651387,walking
1775211642655,-0.09451649,5.508278,7.166504,-0.4990622,-0.087962,-0.09651387,walking
1775211642673,-0.09451649,5.508278,7.166504,-0.65177405,-0.05131117,-0.11361759,walking
1775211642674,-0.26679972,5.761917,7.520642,-0.65177405,-0.05131117,-0.11361759,walking
1775211642694,-0.26679972,5.761917,7.520642,-0.7666133,-0.019547112,-0.14293826,walking
1775211642695,-0.48215377,6.202196,8.013563,-0.7666133,-0.019547112,-0.14293826,walking
1775211642713,-0.48215377,6.202196,8.013563,-0.7910472,-0.015882028,-0.19791451,walking
1775211642714,-0.6687939,6.661618,8.530413,-0.7910472,-0.015882028,-0.19791451,walking
1775211642741,-0.6687939,6.661618,8.530413,-0.6175666,-0.039094225,-0.27488127,walking
1775211642741,-0.7645068,7.274181,8.827123,-0.6175666,-0.039094225,-0.27488127,walking
1775211642757,-0.7645068,7.274181,8.827123,-0.27182704,-0.06474981,-0.33352262,walking
1775211642758,-0.8554341,7.8580294,9.128618,-0.27182704,-0.06474981,-0.33352262,walking
1775211642773,-1.0564312,8.283952,9.353543,-0.27182704,-0.06474981,-0.33352262,walking
1775211642774,-1.0564312,8.283952,9.353543,0.08735116,-0.08429692,-0.35306972,walking
1775211642791,-1.0564312,8.283952,9.353543,0.31214294,-0.08551861,-0.33352262,walking
1775211642791,-1.1904292,8.551949,9.482756,0.31214294,-0.08551861,-0.33352262,walking
1775211642819,-1.1904292,8.551949,9.482756,0.4343124,-0.09407048,-0.29687178,walking
1775211642819,-1.099502,8.652447,9.501899,0.4343124,-0.09407048,-0.29687178,walking
1775211642838,-1.099502,8.652447,9.501899,0.59924114,-0.1123959,-0.26877278,walking
1775211642838,-0.93679005,8.623733,9.501899,0.59924114,-0.1123959,-0.26877278,walking
1775211642853,-0.93679005,8.623733,9.501899,0.82403296,-0.1123959,-0.23700874,walking
1775211642853,-0.7645068,8.566305,9.631111,0.82403296,-0.1123959,-0.23700874,walking
1775211642868,-0.7645068,8.566305,9.631111,0.94131565,-0.09773556,-0.19424942,walking
1775211642869,-0.63529444,8.207381,10.411171,0.94131565,-0.09773556,-0.19424942,walking
1775211642888,-0.49172506,7.4273214,10.951949,0.94131565,-0.09773556,-0.19424942,walking
1775211642888,-0.49172506,7.4273214,10.951949,0.80326414,-0.120947756,-0.17103723,walking
1775211642906,-0.49172506,7.4273214,10.951949,0.535713,-0.114839286,-0.175924,walking
1775211642908,-0.3481557,6.862615,10.741381,0.535713,-0.114839286,-0.175924,walking
1775211642930,-0.3481557,6.862615,10.741381,0.38300124,-0.057419643,-0.20524468,walking
1775211642931,-0.16151553,5.7954164,10.310673,0.38300124,-0.057419643,-0.20524468,walking
1775211642947,-0.16151553,5.7954164,10.310673,0.3658975,0.007330167,-0.27976805,walking
1775211642947,-0.09930214,5.0536413,9.540184,0.3658975,0.007330167,-0.27976805,walking
1775211642965,-0.09930214,5.0536413,9.540184,0.3732277,0.067193195,-0.3286358,walking
1775211642966,-0.051445685,4.465007,8.592627,0.3732277,0.067193195,-0.3286358,walking
1775211642986,-0.051445685,4.465007,8.592627,0.35734564,0.09162709,-0.30542362,walking
1775211642987,0.1591227,4.130012,7.611569,0.35734564,0.09162709,-0.30542362,walking
1775211643008,0.1591227,4.130012,7.611569,0.37689275,0.052532863,-0.22723518,walking
1775211643009,0.39840496,3.804588,7.204789,0.37689275,0.052532863,-0.22723518,walking
1775211643025,0.4941179,4.2161536,6.9702926,0.37689275,0.052532863,-0.22723518,walking
1775211643026,0.4941179,4.2161536,6.9702926,0.42820394,-0.08063184,-0.12705623,walking
1775211643042,0.4127619,4.206582,6.8315086,0.42820394,-0.08063184,-0.12705623,walking
1775211643047,0.4127619,4.206582,6.8315086,0.46241137,-0.21746163,0.020768806,walking
1775211643063,0.31226337,3.9338005,6.884151,0.46241137,-0.21746163,0.020768806,walking
1775211643064,0.31226337,3.9338005,6.884151,0.45141613,-0.28831992,0.12705623,walking
1775211643083,0.14955142,3.8285162,6.8506513,0.45141613,-0.28831992,0.12705623,walking
1775211643084,0.14955142,3.8285162,6.8506513,0.37689275,-0.29442838,0.131943,walking
1775211643100,-0.07537391,3.7854455,6.707082,0.37689275,-0.29442838,0.131943,walking
1775211643101,-0.07537391,3.7854455,6.707082,0.21074231,-0.22967857,0.061084725,walking
1775211643131,-0.07537391,3.7854455,6.707082,-0.034818295,-0.10384403,-0.052532863,walking
1775211643132,-0.25722843,4.0007997,6.7262244,-0.034818295,-0.10384403,-0.052532863,walking
1775211643146,-0.25722843,4.0007997,6.7262244,-0.33657685,0.03787253,-0.17225893,walking
1775211643146,-0.3481557,4.354937,6.984649,-0.33657685,0.03787253,-0.17225893,walking
1775211643159,-0.3481557,4.354937,6.984649,-0.6456655,0.1563769,-0.25899923,walking
1775211643159,-0.42951167,4.642076,7.391429,-0.6456655,0.1563769,-0.25899923,walking
1775211643180,-0.42951167,4.642076,7.391429,-0.8790092,0.21501824,-0.29809347,walking
1775211643181,-0.60658056,4.833502,7.367501,-0.8790092,0.21501824,-0.29809347,walking
1775211643208,-0.60658056,4.833502,7.367501,-0.9779665,0.2455606,-0.29565006,walking
1775211643208,-0.73100734,4.962714,7.1473613,-0.9779665,0.2455606,-0.29565006,walking
1775211643223,-0.73100734,4.962714,7.1473613,-0.9449807,0.24800399,-0.24800399,walking
1775211643223,-0.69272214,5.168497,7.051648,-0.9449807,0.24800399,-0.24800399,walking
1775211643238,-0.69272214,5.168497,7.051648,-0.84602344,0.20646638,-0.15149012,walking
1775211643239,-0.5922236,5.383851,6.9990063,-0.84602344,0.20646638,-0.15149012,walking
1775211643264,-0.38165522,5.6039906,6.9415784,-0.84602344,0.20646638,-0.15149012,walking
1775211643264,-0.38165522,5.6039906,6.9415784,-0.73729265,0.12461284,-0.03787253,walking
1775211643278,-0.38165522,5.6039906,6.9415784,-0.63955706,0.01099525,0.05619795,walking
1775211643278,-0.2955136,5.7858453,7.085148,-0.63955706,0.01099525,0.05619795,walking
1775211643296,-0.2955136,5.7858453,7.085148,-0.5552602,-0.08429692,0.114839286,walking
1775211643297,-0.21415763,6.245267,7.085148,-0.5552602,-0.08429692,0.114839286,walking
1775211643318,-0.21415763,6.245267,7.085148,-0.46974155,-0.1331647,0.14904673,walking
1775211643319,-0.09451649,6.7381887,7.338787,-0.46974155,-0.1331647,0.14904673,walking
1775211643335,0.0059820567,7.365108,7.735996,-0.46974155,-0.1331647,0.14904673,walking
1775211643336,0.0059820567,7.365108,7.735996,-0.3891097,-0.13805148,0.19424942,walking
1775211643354,0.111266255,7.9346,8.271988,-0.3891097,-0.13805148,0.19424942,walking
1775211643354,0.111266255,7.9346,8.271988,-0.28526568,-0.10995251,0.24311721,walking
1775211643378,0.111266255,7.9346,8.271988,-0.13011047,-0.06352811,0.27488127,walking
1775211643379,0.20697916,8.135597,8.650054,-0.13011047,-0.06352811,0.27488127,walking
1775211643394,0.20697916,8.135597,8.650054,0.051922016,0.029320668,0.2932067,walking
1775211643394,0.25962126,7.944171,8.831908,0.051922016,0.029320668,0.2932067,walking
1775211643413,0.25962126,7.944171,8.831908,0.22784603,0.13438639,0.3115321,walking
1775211643413,0.24526432,7.733603,8.946764,0.22784603,0.13438639,0.3115321,walking
1775211643444,0.24526432,7.733603,8.946764,0.4086568,0.1808108,0.34085277,walking
1775211643445,0.34097722,7.5756764,8.999406,0.4086568,0.1808108,0.34085277,walking
1775211643458,0.34097722,7.5756764,8.999406,0.56503373,0.16981554,0.37139514,walking
1775211643458,0.4031906,7.4656067,9.162118,0.56503373,0.16981554,0.37139514,walking
1775211643472,0.4031906,7.4656067,9.162118,0.61634487,0.12949961,0.36895174,walking
1775211643472,0.32183465,7.685746,9.296116,0.61634487,0.12949961,0.36895174,walking
1775211643496,0.32183465,7.685746,9.296116,0.50639236,0.0684149,0.32374904,walking
1775211643497,0.23090738,7.7479596,10.095319,0.50639236,0.0684149,0.32374904,walking
1775211643510,0.23090738,7.7479596,10.095319,0.20585553,-0.031764057,0.26266432,walking
1775211643511,0.04426722,7.274181,11.248659,0.20585553,-0.031764057,0.26266432,walking
1775211643529,0.04426722,7.274181,11.248659,-0.1643179,-0.06474981,0.2003579,walking
1775211643529,-0.17108682,6.6424756,11.717652,-0.1643179,-0.06474981,0.2003579,walking
1775211643554,-0.17108682,6.6424756,11.717652,-0.29381752,-0.03420745,0.10384403,walking
1775211643555,-0.28115666,5.9342003,11.152946,-0.29381752,-0.03420745,0.10384403,walking
1775211643568,-0.28115666,5.9342003,11.152946,-0.04703524,-0.015882028,0.0,walking
1775211643569,-0.19980069,5.1206403,10.119247,-0.04703524,-0.015882028,0.0,walking
1775211643588,-0.3481557,4.4985065,8.908479,-0.04703524,-0.015882028,0.0,walking
1775211643589,-0.3481557,4.4985065,8.908479,0.33169007,-0.004886778,-0.050089475,walking
1775211643609,-0.5778667,4.3357944,7.8317084,0.33169007,-0.004886778,-0.050089475,walking
1775211643610,-0.5778667,4.3357944,7.8317084,0.5943544,0.02687728,-0.0684149,walking
1775211643627,-0.5778667,4.3357944,7.8317084,0.6652127,0.06474981,-0.08429692,walking
1775211643628,-0.6831509,4.369294,7.2095747,0.6652127,0.06474981,-0.08429692,walking
1775211643652,-0.6831509,4.369294,7.2095747,0.60046285,0.092848785,-0.07330167,walking
1775211643652,-0.8602197,4.4171505,7.0899334,0.60046285,0.092848785,-0.07330167,walking
1775211643667,-0.8602197,4.4171505,7.0899334,0.44042087,0.131943,-0.03298575,walking
1775211643668,-1.0947163,4.4985065,7.24786,0.44042087,0.131943,-0.03298575,walking
1775211643685,-1.0947163,4.4985065,7.24786,0.23151112,0.16737215,0.02687728,walking
1775211643686,-1.2143575,4.546363,7.429714,0.23151112,0.16737215,0.02687728,walking
1775211643707,-1.2143575,4.546363,7.429714,0.034818295,0.16492876,0.07941014,walking
1775211643708,-1.2574283,4.4841495,7.4584284,0.034818295,0.16492876,0.07941014,walking
1775211643723,-1.2574283,4.4841495,7.4584284,-0.108119965,0.12583454,0.108730815,walking
1775211643724,-1.0660025,4.4554358,7.7312098,-0.108119965,0.12583454,0.108730815,walking
1775211643743,-1.0660025,4.4554358,7.7312098,-0.19974706,0.042759307,0.131943,walking
1775211643744,-0.77407813,4.508078,8.094919,-0.19974706,0.042759307,0.131943,walking
1775211643764,-0.77407813,4.508078,8.094919,-0.24494976,-0.04886778,0.1551552,walking
1775211643765,-0.56829536,4.5942197,8.099705,-0.24494976,-0.04886778,0.1551552,walking
1775211643787,-0.56829536,4.5942197,8.099705,-0.22784603,-0.105065726,0.16126367,walking
1775211643788,-0.39601216,4.6229334,7.850851,-0.22784603,-0.105065726,0.16126367,walking
1775211643805,-0.39601216,4.6229334,7.850851,-0.15943113,-0.12461284,0.14904673,walking
1775211643805,-0.23808585,4.651647,7.405786,-0.15943113,-0.12461284,0.14904673,walking
1775211643822,-0.23808585,4.651647,7.405786,-0.08246438,-0.10995251,0.12705623,walking
1775211643823,-0.19980069,4.7042894,6.9798636,-0.08246438,-0.10995251,0.12705623,walking
1775211643840,-0.19980069,4.7042894,6.9798636,-0.03970507,-0.083075225,0.0904054,walking
1775211643841,-0.25722843,4.867001,6.7501526,-0.03970507,-0.083075225,0.0904054,walking
1775211643865,-0.25722843,4.867001,6.7501526,-0.059252184,-0.061084725,0.047646087,walking
1775211643866,-0.28115666,5.096712,6.573084,-0.059252184,-0.061084725,0.047646087,walking
1775211643880,-0.28115666,5.096712,6.573084,-0.13011047,-0.043981,0.017103724,walking
1775211643881,-0.29072794,5.163711,6.597012,-0.13011047,-0.043981,0.017103724,walking
1775211643900,-0.29072794,5.163711,6.597012,-0.22540264,-0.031764057,-0.014660334,walking
1775211643900,-0.424726,5.288138,6.640083,-0.22540264,-0.031764057,-0.014660334,walking
1775211643921,-0.424726,5.288138,6.640083,-0.3206948,-0.014660334,-0.043981,walking
1775211643922,-0.56829536,5.4460645,6.884151,-0.3206948,-0.014660334,-0.043981,walking
1775211643939,-0.56829536,5.4460645,6.884151,-0.40743512,-0.002443389,-0.067193195,walking
1775211643939,-0.6735796,5.5513487,7.233503,-0.40743512,-0.002443389,-0.067193195,walking
1775211643966,-0.6735796,5.5513487,7.233503,-0.47462833,0.004886778,-0.10017895,walking
1775211643967,-0.7692925,5.74756,7.7120676,-0.47462833,0.004886778,-0.10017895,walking
1775211643983,-0.7692925,5.74756,7.7120676,-0.49539712,0.002443389,-0.14415996,walking
1775211643984,-0.75972116,5.9342003,8.2049885,-0.49539712,0.002443389,-0.14415996,walking
1775211643997,-0.75972116,5.9342003,8.2049885,-0.45263782,-0.02687728,-0.19424942,walking
1775211643997,-0.8171489,6.202196,8.539984,-0.45263782,-0.02687728,-0.19424942,walking
1775211644017,-0.8171489,6.202196,8.539984,-0.35368055,-0.07452337,-0.23212196,walking
1775211644018,-0.89371926,6.513263,8.841479,-0.35368055,-0.07452337,-0.23212196,walking
1775211644044,-0.89371926,6.513263,8.841479,-0.23028941,-0.12583454,-0.2675511,walking
1775211644045,-0.9942178,6.876972,9.090333,-0.23028941,-0.12583454,-0.2675511,walking
1775211644058,-0.9415757,7.2502527,9.377472,-0.23028941,-0.12583454,-0.2675511,walking
1775211644059,-0.9415757,7.2502527,9.377472,-0.1227803,-0.15271181,-0.29809347,walking
1775211644075,-0.9415757,7.2502527,9.377472,-0.051922016,-0.14660335,-0.3103104,walking
1775211644076,-0.77407813,7.7623167,9.439685,-0.051922016,-0.14660335,-0.3103104,walking
1775211644099,-0.77407813,7.7623167,9.439685,0.016492875,-0.114839286,-0.30298024,walking
1775211644100,-0.6161518,8.346166,9.521041,0.016492875,-0.114839286,-0.30298024,walking
1775211644115,-0.5300102,8.585447,10.420743,0.016492875,-0.114839286,-0.30298024,walking
1775211644116,-0.5300102,8.585447,10.420743,0.080020994,-0.07818845,-0.27732465,walking
1775211644133,-0.5300102,8.585447,10.420743,0.043370154,-0.05131117,-0.26022094,walking
1775211644134,-0.587438,8.293523,11.444871,0.043370154,-0.05131117,-0.26022094,walking
1775211644154,-0.587438,8.293523,11.444871,-0.03970507,-0.01099525,-0.2663294,walking
1775211644155,-0.62093747,7.259824,11.162518,-0.03970507,-0.01099525,-0.2663294,walking
1775211644172,-0.62093747,7.259824,11.162518,0.061695572,0.07452337,-0.2736596,walking
1775211644172,-0.60658056,6.0107703,10.124033,0.061695572,0.07452337,-0.2736596,walking
1775211644200,-0.60658056,6.0107703,10.124033,0.3426853,0.18447587,-0.26510772,walking
1775211644201,-0.54436713,5.072784,8.956335,0.3426853,0.18447587,-0.26510772,walking
1775211644214,-0.54436713,5.072784,8.956335,0.6322269,0.23212196,-0.21501824,walking
1775211644215,-0.42951167,4.56072,8.185846,0.6322269,0.23212196,-0.21501824,walking
1775211644229,-0.42951167,4.56072,8.185846,0.8203679,0.17103723,-0.1368298,walking
1775211644229,-0.32422748,4.4745784,7.5493555,0.8203679,0.17103723,-0.1368298,walking
1775211644255,-0.32422748,4.4745784,7.5493555,0.87412244,0.043981,-0.03298575,walking
1775211644256,-0.09451649,4.465007,7.2957163,0.87412244,0.043981,-0.03298575,walking
1775211644271,-0.09451649,4.465007,7.2957163,0.7910472,-0.12461284,0.087962,walking
1775211644272,0.111266255,4.426722,7.5637126,0.7910472,-0.12461284,0.087962,walking
1775211644288,0.111266255,4.426722,7.5637126,0.6029062,-0.3103104,0.18936265,walking
1775211644289,0.22612174,4.369294,7.941778,0.6029062,-0.3103104,0.18936265,walking
1775211644311,0.22612174,4.369294,7.941778,0.36345413,-0.41904122,0.2223484,walking
1775211644311,0.19740787,4.220939,7.9944205,0.36345413,-0.41904122,0.2223484,walking
1775211644327,0.19740787,4.220939,7.9944205,0.13988402,-0.41781953,0.1563769,walking
1775211644328,0.101694964,4.130012,7.8221374,0.13988402,-0.41781953,0.1563769,walking
1775211644347,0.101694964,4.130012,7.8221374,-0.033596598,-0.34696123,0.02687728,walking
1775211644347,-0.013160525,4.15394,7.645068,-0.033596598,-0.34696123,0.02687728,walking
1775211644368,-0.013160525,4.15394,7.645068,-0.18630841,-0.20890976,-0.10750912,walking
1775211644369,-0.09451649,4.3357944,7.688139,-0.18630841,-0.20890976,-0.10750912,walking
1775211644388,-0.09451649,4.3357944,7.688139,-0.35490227,-0.018325418,-0.22601348,walking
1775211644389,-0.1902294,4.685147,7.9034934,-0.35490227,-0.018325418,-0.22601348,walking
1775211644405,-0.1902294,4.685147,7.9034934,-0.4770717,0.120947756,-0.3151972,walking
1775211644405,-0.23330021,4.9770713,7.6067834,-0.4770717,0.120947756,-0.3151972,walking
1775211644434,-0.23330021,4.9770713,7.6067834,-0.49417543,0.18325418,-0.33352262,walking
1775211644435,-0.17587246,5.2163534,7.2382884,-0.49417543,0.18325418,-0.33352262,walking
1775211644451,-0.17587246,5.2163534,7.2382884,-0.43675578,0.18691926,-0.26266432,walking
1775211644452,-0.15672988,5.4125648,7.003792,-0.43675578,0.18691926,-0.26266432,walking
1775211644466,-0.23330021,5.5465627,6.9559355,-0.43675578,0.18691926,-0.26266432,walking
1775211644467,-0.23330021,5.5465627,6.9559355,-0.36345413,0.13560809,-0.13927318,walking
1775211644482,-0.30029923,5.623133,6.936793,-0.36345413,0.13560809,-0.13927318,walking
1775211644482,-0.30029923,5.623133,6.936793,-0.3011477,0.05131117,-0.018325418,walking
1775211644510,-0.30029923,5.623133,6.936793,-0.255945,-0.019547112,0.06474981,walking
1775211644511,-0.22372891,5.6709895,6.9990063,-0.255945,-0.019547112,0.06474981,walking
1775211644523,-0.22372891,5.6709895,6.9990063,-0.24128467,-0.04886778,0.09651387,walking
1775211644523,-0.104087785,5.757131,7.123433,-0.24128467,-0.04886778,0.09651387,walking
1775211644541,-0.104087785,5.757131,7.123433,-0.2522799,-0.05131117,0.09407048,walking
1775211644542,-0.01794617,5.9246287,7.21436,-0.2522799,-0.05131117,0.09407048,walking
1775211644568,-0.01794617,5.9246287,7.21436,-0.27671382,-0.039094225,0.06963659,walking
1775211644569,0.0634098,6.1160545,7.3435726,-0.27671382,-0.039094225,0.06963659,walking
1775211644585,0.0634098,6.1160545,7.3435726,-0.30847788,-0.008551862,0.035429142,walking
1775211644586,0.13998012,6.355337,7.6307116,-0.30847788,-0.008551862,0.035429142,walking
1775211644601,0.13998012,6.355337,7.6307116,-0.32802498,0.035429142,0.01099525,walking
1775211644602,0.20697916,6.5754766,7.946564,-0.32802498,0.035429142,0.01099525,walking
1775211644619,0.20697916,6.5754766,7.946564,-0.30603448,0.07574506,0.01099525,walking
1775211644619,0.17826529,6.7429743,8.133204,-0.30603448,0.07574506,0.01099525,walking
1775211644645,0.17826529,6.7429743,8.133204,-0.21074231,0.10140064,0.035429142,walking
1775211644645,0.1591227,6.8243303,8.367701,-0.21074231,0.10140064,0.035429142,walking
1775211644658,0.1591227,6.8243303,8.367701,-0.07146913,0.10017895,0.07818845,walking
1775211644659,0.12562318,6.876972,8.664411,-0.07146913,0.10017895,0.07818845,walking
1775211644678,0.12562318,6.876972,8.664411,0.06658235,0.058641337,0.14171657,walking
1775211644679,0.16869399,6.800402,8.932407,0.06658235,0.058641337,0.14171657,walking
1775211644702,0.14476576,6.680761,9.085547,0.06658235,0.058641337,0.14171657,walking
1775211644702,0.14476576,6.680761,9.085547,0.1655396,-0.0036650836,0.21013145,walking
1775211644719,0.020338992,6.728617,9.123833,0.1655396,-0.0036650836,0.21013145,walking
1775211644720,0.020338992,6.728617,9.123833,0.20219044,-0.043981,0.26022094,walking
1775211644736,0.020338992,6.728617,9.123833,0.17409147,-0.035429142,0.27976805,walking
1775211644737,-0.1471586,7.0061846,9.387043,0.17409147,-0.035429142,0.27976805,walking
1775211644756,-0.1902294,7.23111,10.262816,0.17409147,-0.035429142,0.27976805,walking
1775211644756,-0.1902294,7.23111,10.262816,0.080020994,0.014660334,0.25411245,walking
1775211644775,-0.1902294,7.23111,10.262816,-0.073912516,0.108730815,0.20524468,walking
1775211644775,-0.40558344,7.4512496,11.033305,-0.073912516,0.108730815,0.20524468,walking
1775211644794,-0.5300102,7.140183,11.210374,-0.073912516,0.108730815,0.20524468,walking
1775211644795,-0.5300102,7.140183,11.210374,-0.1435491,0.18936265,0.1575986,walking
1775211644825,-0.5300102,7.140183,11.210374,0.026266431,0.20890976,0.15149012,walking
1775211644826,-0.654437,6.3792653,10.827522,0.026266431,0.20890976,0.15149012,walking
1775211644841,-0.654437,6.3792653,10.827522,0.33535513,0.18447587,0.23090026,walking
1775211644842,-0.80757767,5.541777,9.985249,0.33535513,0.18447587,0.23090026,walking
1775211644856,-0.80757767,5.541777,9.985249,0.60412794,0.14171657,0.3384094,walking
1775211644856,-0.8745767,4.833502,8.69791,0.60412794,0.14171657,0.3384094,walking
1775211644873,-0.8745767,4.833502,8.69791,0.77883023,0.10384403,0.39582902,walking
1775211644873,-0.73100734,4.398008,7.587641,0.77883023,0.10384403,0.39582902,walking
1775211644902,-0.73100734,4.398008,7.587641,0.80448586,0.09529217,0.42514968,walking
1775211644903,-0.7070791,4.2017965,7.018149,0.80448586,0.09529217,0.42514968,walking
1775211644919,-0.8171489,4.1922255,6.960721,0.80448586,0.09529217,0.42514968,walking
1775211644919,-0.8171489,4.1922255,6.960721,0.66643435,0.10262234,0.4202629,walking
1775211644933,-0.8171489,4.1922255,6.960721,0.41354358,0.13560809,0.3738385,walking
1775211644934,-0.9176475,4.182654,7.21436,0.41354358,0.13560809,0.3738385,walking
1775211644950,-0.9176475,4.182654,7.21436,0.10934166,0.17470232,0.31886226,walking
1775211644951,-1.0229317,4.1443686,7.4153576,0.10934166,0.17470232,0.31886226,walking
1775211644979,-1.0229317,4.1443686,7.4153576,-0.16187452,0.18691926,0.27854636,walking
1775211644980,-1.0516455,4.1108694,7.678568,-0.16187452,0.18691926,0.27854636,walking
1775211644993,-1.0516455,4.1108694,7.678568,-0.3463504,0.1563769,0.2443389,walking
1775211644994,-0.80757767,4.2161536,8.023134,-0.3463504,0.1563769,0.2443389,walking
1775211645008,-0.46779683,4.388437,8.238488,-0.3463504,0.1563769,0.2443389,walking
1775211645009,-0.46779683,4.388437,8.238488,-0.45263782,0.09529217,0.20768806,walking
1775211645036,-0.46779683,4.388437,8.238488,-0.4807368,0.0219905,0.16981554,walking
1775211645037,-0.16630118,4.4554358,8.147561,-0.4807368,0.0219905,0.16981554,walking
1775211645050,-0.16630118,4.4554358,8.147561,-0.42087376,-0.04886778,0.13072132,walking
1775211645050,-0.03708875,4.469793,7.6977105,-0.42087376,-0.04886778,0.13072132,walking
1775211645066,-0.03708875,4.469793,7.6977105,-0.2974826,-0.10750912,0.09529217,walking
1775211645067,-0.0035892338,4.5655055,7.372287,-0.2974826,-0.10750912,0.09529217,walking
1775211645091,-0.0035892338,4.5655055,7.372287,-0.18264332,-0.16370706,0.06474981,walking
1775211645091,0.015553347,4.7282176,7.075577,-0.18264332,-0.16370706,0.06474981,walking
1775211645108,0.13519448,4.924429,6.893722,-0.18264332,-0.16370706,0.06474981,walking
1775211645109,0.13519448,4.924429,6.893722,-0.13744064,-0.1783674,0.039094225,walking
1775211645125,0.13519448,4.924429,6.893722,-0.17653486,-0.15393351,0.019547112,walking
1775211645126,0.16390835,5.0679984,6.812366,-0.17653486,-0.15393351,0.019547112,walking
1775211645145,0.16390835,5.0679984,6.812366,-0.28037888,-0.1123959,0.0,walking
1775211645145,0.09212367,5.1876397,6.869794,-0.28037888,-0.1123959,0.0,walking
1775211645165,0.09212367,5.1876397,6.869794,-0.40743512,-0.057419643,-0.025655584,walking
1775211645166,-0.11365908,5.355137,7.0468626,-0.40743512,-0.057419643,-0.025655584,walking
1775211645184,-0.11365908,5.355137,7.0468626,-0.51005745,0.0061084726,-0.058641337,walking
1775211645185,-0.28115666,5.5657053,7.496713,-0.51005745,0.0061084726,-0.058641337,walking
1775211645214,-0.36251262,5.7762737,7.9800634,-0.51005745,0.0061084726,-0.058641337,walking
1775211645215,-0.36251262,5.7762737,7.9800634,-0.55403847,0.03298575,-0.08185353,walking
1775211645231,-0.36251262,5.7762737,7.9800634,-0.52960455,0.018325418,-0.0891837,walking
1775211645232,-0.4438686,5.9294147,8.343773,-0.52960455,0.018325418,-0.0891837,walking
1775211645245,-0.4438686,5.9294147,8.343773,-0.44164258,-0.025655584,-0.098957255,walking
1775211645246,-0.5300102,6.2261243,8.626125,-0.44164258,-0.025655584,-0.098957255,walking
1775211645260,-0.5300102,6.2261243,8.626125,-0.31214294,-0.09162709,-0.11972606,walking
1775211645261,-0.5922236,6.5898337,8.879765,-0.31214294,-0.09162709,-0.11972606,walking
1775211645280,-0.5922236,6.5898337,8.879765,-0.18264332,-0.14660335,-0.16737215,walking
1775211645281,-0.64008003,6.8865438,9.18126,-0.18264332,-0.14660335,-0.16737215,walking
1775211645302,-0.64008003,6.8865438,9.18126,-0.08124269,-0.17225893,-0.23212196,walking
1775211645302,-0.6161518,7.240681,9.353543,-0.08124269,-0.17225893,-0.23212196,walking
1775211645320,-0.43908295,7.8293157,9.645468,-0.08124269,-0.17225893,-0.23212196,walking
1775211645320,-0.43908295,7.8293157,9.645468,0.005497625,-0.14904673,-0.30053684,walking
1775211645350,-0.43908295,7.8293157,9.645468,0.12033691,-0.09651387,-0.34573954,walking
1775211645350,-0.2955136,8.642876,10.080962,0.12033691,-0.09651387,-0.34573954,walking
1775211645364,-0.2955136,8.642876,10.080962,0.2596101,-0.06474981,-0.33718768,walking
1775211645365,-0.15672988,9.001799,10.985449,0.2596101,-0.06474981,-0.33718768,walking
1775211645379,-0.15672988,9.001799,10.985449,0.31947312,-0.087962,-0.2858765,walking
1775211645380,-0.08973085,8.403593,11.607583,0.31947312,-0.087962,-0.2858765,walking
1775211645397,-0.08015956,7.350751,11.090733,0.31947312,-0.087962,-0.2858765,walking
1775211645397,-0.08015956,7.350751,11.090733,0.32802498,-0.09651387,-0.2247918,walking
1775211645418,-0.022731815,6.2261243,10.320244,0.32802498,-0.09651387,-0.2247918,walking
1775211645418,-0.022731815,6.2261243,10.320244,0.44652936,-0.046424393,-0.19058435,walking
1775211645447,0.010767702,5.2977095,9.401401,0.44652936,-0.046424393,-0.19058435,walking
1775211645448,0.010767702,5.2977095,9.401401,0.62245333,0.0012216945,-0.21868332,walking
1775211645462,0.010767702,5.2977095,9.401401,0.73240584,0.035429142,-0.27121618,walking
1775211645462,0.039481573,4.546363,8.530413,0.73240584,0.035429142,-0.27121618,walking
1775211645475,0.039481573,4.546363,8.530413,0.7482879,0.07452337,-0.30053684,walking
1775211645475,0.07776674,4.0965123,7.9130645,0.7482879,0.07452337,-0.30053684,walking
1775211645495,0.07776674,4.0965123,7.9130645,0.68231636,0.09529217,-0.29198498,walking
1775211645496,0.2213361,4.0007997,7.530213,0.68231636,0.09529217,-0.29198498,walking
1775211645515,0.2213361,4.0007997,7.530213,0.57236385,0.06352811,-0.23578705,walking
1775211645516,0.37447673,3.9146578,7.300502,0.57236385,0.06352811,-0.23578705,walking
1775211645533,0.37447673,3.9146578,7.300502,0.47096324,-0.030542362,-0.1563769,walking
1775211645534,0.38883367,3.8141594,7.4392858,0.47096324,-0.030542362,-0.1563769,walking
1775211645554,0.38883367,3.8141594,7.4392858,0.37689275,-0.16981554,-0.083075225,walking
1775211645555,0.3505485,3.7088752,7.688139,0.37689275,-0.16981554,-0.083075225,walking
1775211645580,0.3505485,3.7088752,7.688139,0.26816195,-0.29565006,-0.04886778,walking
1775211645581,0.29312077,3.6370904,7.8221374,0.26816195,-0.29565006,-0.04886778,walking
1775211645594,0.29312077,3.6370904,7.8221374,0.14721419,-0.36406496,-0.07941014,walking
1775211645595,0.25962126,3.5700915,7.7312098,0.14721419,-0.36406496,-0.07941014,walking
1775211645612,0.25962126,3.5700915,7.7312098,0.02015796,-0.3591782,-0.17470232,walking
1775211645612,0.12562318,3.603591,7.5110703,0.02015796,-0.3591782,-0.17470232,walking
1775211645636,0.12562318,3.603591,7.5110703,-0.13499725,-0.28343314,-0.30053684,walking
1775211645636,-0.09930214,3.8668015,7.314859,-0.13499725,-0.28343314,-0.30053684,walking
1775211645653,-0.09930214,3.8668015,7.314859,-0.343907,-0.114839286,-0.41781953,walking
1775211645653,-0.19501504,4.206582,7.367501,-0.343907,-0.114839286,-0.41781953,walking
1775211645671,-0.19501504,4.206582,7.367501,-0.57725066,0.087962,-0.50578153,walking
1775211645671,-0.30029923,4.613362,7.4105716,-0.57725066,0.087962,-0.50578153,walking
1775211645691,-0.33379877,4.914858,7.3435726,-0.57725066,0.087962,-0.50578153,walking
1775211645691,-0.33379877,4.914858,7.3435726,-0.7507313,0.21257484,-0.52166355,walking
1775211645714,-0.33379877,4.914858,7.3435726,-0.8179245,0.24311721,-0.45569205,walking
1775211645714,-0.42951167,5.072784,7.2382884,-0.8179245,0.24311721,-0.45569205,walking
1775211645730,-0.42951167,5.072784,7.2382884,-0.7702784,0.20646638,-0.34329617,walking
1775211645731,-0.47736812,5.178068,7.1282187,-0.7702784,0.20646638,-0.34329617,walking
1775211645758,-0.47736812,5.178068,7.1282187,-0.6566608,0.12827793,-0.21257484,walking
1775211645758,-0.51565325,5.359923,7.070791,-0.6566608,0.12827793,-0.21257484,walking
1775211645772,-0.51565325,5.359923,7.070791,-0.52227443,0.039094225,-0.098957255,walking
1775211645772,-0.506082,5.584848,7.3340015,-0.52227443,0.039094225,-0.098957255,walking
1775211645787,-0.506082,5.584848,7.3340015,-0.42331716,-0.05619795,-0.020768806,walking
1775211645788,-0.573081,5.6757755,7.4584284,-0.42331716,-0.05619795,-0.020768806,walking
1775211645806,-0.573081,5.6757755,7.4584284,-0.38177955,-0.11361759,0.029320668,walking
1775211645807,-0.56829536,5.7762737,7.539784,-0.38177955,-0.11361759,0.029320668,walking
1775211645824,-0.56829536,5.7762737,7.539784,-0.39399648,-0.12461284,0.05619795,walking
1775211645825,-0.47258246,6.0729837,7.8077803,-0.39399648,-0.12461284,0.05619795,walking
1775211645847,-0.47258246,6.0729837,7.8077803,-0.44775105,-0.1123959,0.0659715,walking
1775211645847,-0.35294133,6.498906,8.152347,-0.44775105,-0.1123959,0.0659715,walking
1775211645866,-0.35294133,6.498906,8.152347,-0.4795151,-0.07818845,0.07818845,walking
1775211645867,-0.2428715,6.8051877,8.271988,-0.4795151,-0.07818845,0.07818845,walking
1775211645892,-0.2428715,6.8051877,8.271988,-0.40499175,0.002443389,0.10262234,walking
1775211645892,-0.17587246,7.068398,8.549556,-0.40499175,0.002443389,0.10262234,walking
1775211645904,-0.19501504,7.3172517,8.8701935,-0.40499175,0.002443389,0.10262234,walking
1775211645905,-0.19501504,7.3172517,8.8701935,-0.20952061,0.07207998,0.1331647,walking
1775211645923,-0.19501504,7.3172517,8.8701935,0.026266431,0.10995251,0.19669282,walking
1775211645924,-0.33379877,7.322037,9.142975,0.026266431,0.10995251,0.19669282,walking
1775211645948,-0.33379877,7.322037,9.142975,0.23517619,0.12949961,0.29565006,walking
1775211645949,-0.42951167,7.2215385,9.190832,0.23517619,0.12949961,0.29565006,walking
1775211645965,-0.42951167,7.2215385,9.190832,0.40499175,0.11606098,0.4227063,walking
1775211645966,-0.40079778,7.058827,9.29133,0.40499175,0.11606098,0.4227063,walking
1775211645981,-0.40079778,7.058827,9.29133,0.5161659,0.05131117,0.52166355,walking
1775211645982,-0.40558344,7.0348988,9.420543,0.5161659,0.05131117,0.52166355,walking
1775211646001,-0.40558344,7.0348988,9.420543,0.5210527,0.004886778,0.5827483,walking
1775211646002,-0.4103691,7.1545396,9.779466,0.5210527,0.004886778,0.5827483,walking
1775211646021,-0.4103691,7.1545396,9.779466,0.37933615,-0.035429142,0.6010737,walking
1775211646022,-0.41994038,7.058827,10.856236,0.37933615,-0.035429142,0.6010737,walking
1775211646050,-0.41994038,7.058827,10.856236,0.09590302,-0.06352811,0.5815266,walking
1775211646051,-0.47736812,6.661618,11.574083,0.09590302,-0.06352811,0.5815266,walking
1775211646065,-0.47736812,6.661618,11.574083,-0.11545013,0.023212196,0.53388053,walking
1775211646066,-0.44865423,6.068198,11.478371,-0.11545013,0.023212196,0.53388053,walking
1775211646078,-0.44865423,6.068198,11.478371,-0.005497625,0.131943,0.48134765,walking
1775211646078,-0.30029923,5.4699926,11.100305,-0.005497625,0.131943,0.48134765,walking
1775211646098,-0.30029923,5.4699926,11.100305,0.29137415,0.19180603,0.47401747,walking
1775211646099,-0.33379877,4.8095737,10.186246,0.29137415,0.19180603,0.47401747,walking
1775211646128,-0.33379877,4.8095737,10.186246,0.55281675,0.21013145,0.4886778,walking
1775211646128,-0.45822555,4.278367,8.932407,0.55281675,0.21013145,0.4886778,walking
1775211646146,-0.45822555,4.278367,8.932407,0.69453335,0.22967857,0.4886778,walking
1775211646146,-0.6113662,4.0295134,7.7790666,0.69453335,0.22967857,0.4886778,walking
1775211646158,-0.6113662,4.0295134,7.7790666,0.7067503,0.28098974,0.48379102,walking
1775211646158,-0.74536425,3.8285162,6.879365,0.7067503,0.28098974,0.48379102,walking
1775211646176,-0.74536425,3.8285162,6.879365,0.6334486,0.35306972,0.47646087,walking
1775211646177,-0.93679005,3.7663028,6.73101,0.6334486,0.35306972,0.47646087,walking
1775211646206,-0.93679005,3.7663028,6.73101,0.48806697,0.41293275,0.46180052,walking
1775211646206,-1.2526426,3.8524444,6.9128647,0.48806697,0.41293275,0.46180052,walking
1775211646219,-1.2526426,3.8524444,6.9128647,0.2754921,0.4471402,0.4471402,walking
1775211646219,-1.4584254,3.9050865,7.271788,0.2754921,0.4471402,0.4471402,walking
1775211646234,-1.4584254,3.9050865,7.271788,0.043370154,0.42759308,0.43370155,walking
1775211646234,-1.396212,3.9098723,7.7407813,0.043370154,0.42759308,0.43370155,walking
1775211646259,-1.396212,3.9098723,7.7407813,-0.17286977,0.3310792,0.43247986,walking
1775211646260,-1.1904292,3.938586,8.17149,-0.17286977,0.3310792,0.43247986,walking
1775211646276,-1.1904292,3.938586,8.17149,-0.34512872,0.19913621,0.42514968,walking
1775211646276,-0.94636136,3.9768713,8.496913,-0.34512872,0.19913621,0.42514968,walking
1775211646292,-0.94636136,3.9768713,8.496913,-0.43919918,0.07452337,0.39216393,walking
1775211646293,-0.5922236,3.952943,8.396415,-0.43919918,0.07452337,0.39216393,walking
1775211646319,-0.5922236,3.952943,8.396415,-0.42453885,-0.0036650836,0.33352262,walking
1775211646320,-0.2955136,3.9481573,7.8891363,-0.42453885,-0.0036650836,0.33352262,walking
1775211646336,-0.2955136,3.9481573,7.8891363,-0.30725616,-0.035429142,0.25166908,walking
1775211646337,-0.13758731,3.9864426,7.3435726,-0.30725616,-0.035429142,0.25166908,walking
1775211646353,-0.13758731,3.9864426,7.3435726,-0.17042638,-0.03787253,0.16859384,walking
1775211646354,-0.0849452,4.206582,7.02772,-0.17042638,-0.03787253,0.16859384,walking
1775211646370,-0.0849452,4.206582,7.02772,-0.114228435,-0.01343864,0.1111742,walking
1775211646371,-0.013160525,4.5655055,6.884151,-0.114228435,-0.01343864,0.1111742,walking
1775211646392,-0.013160525,4.5655055,6.884151,-0.16187452,0.0,0.08063184,walking
1775211646393,0.015553347,4.9531426,7.0085773,-0.16187452,0.0,0.08063184,walking
1775211646416,0.015553347,4.9531426,7.0085773,-0.28893074,-0.0061084726,0.05986303,walking
1775211646417,-0.13758731,5.259424,7.233503,-0.28893074,-0.0061084726,0.05986303,walking
1775211646434,-0.13758731,5.259424,7.233503,-0.44286427,-0.0036650836,0.036650836,walking
1775211646434,-0.25722843,5.3742795,7.520642,-0.44286427,-0.0036650836,0.036650836,walking
1775211646448,-0.25722843,5.3742795,7.520642,-0.55648184,0.014660334,-0.0036650836,walking
1775211646449,-0.41515473,5.4460645,7.8221374,-0.55648184,0.014660334,-0.0036650836,walking
1775211646467,-0.41515473,5.4460645,7.8221374,-0.58458084,0.028098974,-0.058641337,walking
1775211646468,-0.573081,5.5465627,8.142776,-0.58458084,0.028098974,-0.058641337,walking
1775211646494,-0.573081,5.5465627,8.142776,-0.532048,0.02443389,-0.120947756,walking
1775211646495,-0.6305088,5.7379885,8.573483,-0.532048,0.02443389,-0.120947756,walking
1775211646509,-0.6305088,5.7379885,8.573483,-0.42820394,-0.0012216945,-0.1783674,walking
1775211646509,-0.7405786,5.948557,8.788837,-0.42820394,-0.0012216945,-0.1783674,walking
1775211646527,-0.7405786,5.948557,8.788837,-0.2974826,-0.025655584,-0.22723518,walking
1775211646528,-0.8554341,6.2117677,9.013762,-0.2974826,-0.025655584,-0.22723518,walking
1775211646547,-0.8889336,6.5611196,9.257831,-0.2974826,-0.025655584,-0.22723518,walking
1775211646548,-0.8889336,6.5611196,9.257831,-0.17042638,-0.05375456,-0.263886,walking
1775211646565,-0.8889336,6.5611196,9.257831,-0.045813546,-0.087962,-0.2736596,walking
1775211646566,-0.89371926,6.843473,9.516255,-0.045813546,-0.087962,-0.2736596,walking
1775211646595,-0.89371926,6.843473,9.516255,0.083686076,-0.098957255,-0.25533417,walking
1775211646596,-0.8362915,7.1976104,9.755538,0.083686076,-0.098957255,-0.25533417,walking
1775211646611,-0.8362915,7.1976104,9.755538,0.22173755,-0.08674031,-0.21746163,walking
1775211646612,-0.75972116,7.728817,9.870394,0.22173755,-0.08674031,-0.21746163,walking
1775211646623,-0.75972116,7.728817,9.870394,0.37689275,-0.0684149,-0.15882029,walking
1775211646624,-0.77407813,8.398808,10.133604,0.37689275,-0.0684149,-0.15882029,walking
1775211646644,-0.8985049,8.403593,11.29173,0.37689275,-0.0684149,-0.15882029,walking
1775211646644,-0.8985049,8.403593,11.29173,0.46241137,-0.07452337,-0.09651387,walking
1775211646673,-0.8985049,8.403593,11.29173,0.3475721,-0.09773556,-0.070858285,walking
1775211646674,-1.018146,7.570891,11.822937,0.3475721,-0.09773556,-0.070858285,walking
1775211646687,-1.018146,7.570891,11.822937,0.19608197,-0.029320668,-0.041537613,walking
1775211646688,-1.0707881,6.4175506,11.411371,0.19608197,-0.029320668,-0.041537613,walking
1775211646700,-1.0229317,5.369494,10.626525,0.19608197,-0.029320668,-0.041537613,walking
1775211646701,-1.0229317,5.369494,10.626525,0.26694027,0.09407048,-0.008551862,walking
1775211646727,-1.0229317,5.369494,10.626525,0.5076141,0.18936265,-0.015882028,walking
1775211646727,-0.93679005,4.5320063,9.425328,0.5076141,0.18936265,-0.015882028,walking
1775211646744,-0.93679005,4.5320063,9.425328,0.7715001,0.23700874,-0.008551862,walking
1775211646744,-0.9415757,3.9673,8.429914,0.7715001,0.23700874,-0.008551862,walking
1775211646759,-0.9415757,3.9673,8.429914,0.93276376,0.2223484,0.05619795,walking
1775211646760,-0.8458628,3.9242291,7.645068,0.93276376,0.2223484,0.05619795,walking
1775211646784,-0.8458628,3.9242291,7.645068,0.9535326,0.17225893,0.18691926,walking
1775211646784,-0.6305088,3.9481573,7.1952176,0.9535326,0.17225893,0.18691926,walking
1775211646800,-0.6305088,3.9481573,7.1952176,0.88511765,0.0891837,0.34940463,walking
1775211646801,-0.30987054,3.9864426,7.2861447,0.88511765,0.0891837,0.34940463,walking
1775211646819,-0.30987054,3.9864426,7.2861447,0.76416993,-0.01343864,0.5008947,walking
1775211646820,-0.09930214,3.8668015,7.3579297,0.76416993,-0.01343864,0.5008947,walking
1775211646839,-0.09930214,3.8668015,7.3579297,0.60779303,-0.0452027,0.58396995,walking
1775211646840,-0.13280165,3.723232,7.2909307,0.60779303,-0.0452027,0.58396995,walking
1775211646860,-0.13280165,3.723232,7.2909307,0.41598698,0.042759307,0.57053137,walking
1775211646860,-0.42951167,3.5988052,7.223932,0.41598698,0.042759307,0.57053137,walking
1775211646878,-0.73579293,3.5557344,7.2526455,0.41598698,0.042759307,0.57053137,walking
1775211646879,-0.73579293,3.5557344,7.2526455,0.1887518,0.21746163,0.47646087,walking
1775211646905,-0.73579293,3.5557344,7.2526455,-0.08124269,0.44103172,0.3616216,walking
1775211646906,-0.9128618,3.6801612,7.515856,-0.08124269,0.44103172,0.3616216,walking
1775211646920,-0.9128618,3.6801612,7.515856,-0.35734564,0.63894624,0.27121618,walking
1775211646921,-1.1282159,4.0151563,7.7216387,-0.35734564,0.63894624,0.27121618,walking
1775211646935,-1.314856,4.3262234,7.7312098,-0.35734564,0.63894624,0.27121618,walking
1775211646935,-1.314856,4.3262234,7.7312098,-0.5662554,0.72079974,0.22845687,walking
1775211646959,-1.314856,4.3262234,7.7312098,-0.67132115,0.69758755,0.24678229,walking
1775211646959,-1.3387842,4.4985065,7.735996,-0.67132115,0.69758755,0.24678229,walking
1775211646974,-1.3387842,4.4985065,7.735996,-0.6884249,0.6218425,0.32741413,walking
1775211646975,-1.2717853,4.7377887,7.539784,-0.6884249,0.6218425,0.32741413,walking
1775211646994,-1.2717853,4.7377887,7.539784,-0.6566608,0.5546493,0.4495836,walking
1775211646994,-1.2143575,5.0440702,7.4679995,-0.6566608,0.5546493,0.4495836,walking
1775211647016,-1.2143575,5.0440702,7.4679995,-0.62245333,0.50578153,0.5803049,walking
1775211647017,-1.1330016,5.3359947,7.4392858,-0.62245333,0.50578153,0.5803049,walking
1775211647034,-1.1330016,5.3359947,7.4392858,-0.6175666,0.47768256,0.6951442,walking
1775211647034,-0.9798609,5.651847,7.5828547,-0.6175666,0.47768256,0.6951442,walking
1775211647062,-0.9798609,5.651847,7.5828547,-0.64688724,0.46057883,0.7977665,walking
1775211647063,-0.90329057,5.953343,8.051848,-0.64688724,0.46057883,0.7977665,walking
1775211647076,-0.90329057,5.953343,8.051848,-0.6774296,0.45447037,0.8893936,walking
1775211647077,-0.9176475,6.1830535,8.453842,-0.6774296,0.45447037,0.8893936,walking
1775211647092,-0.9176475,6.1830535,8.453842,-0.6310052,0.48134765,0.96391696,walking
1775211647092,-0.96550393,6.3601227,8.702696,-0.6310052,0.48134765,0.96391696,walking
1775211647110,-0.96550393,6.3601227,8.702696,-0.45874628,0.5351022,1.0188932,walking
1775211647110,-0.92243314,6.4414787,8.788837,-0.45874628,0.5351022,1.0188932,walking
1775211647131,-0.7932207,6.518049,8.736196,-0.45874628,0.5351022,1.0188932,walking
1775211647131,-0.7932207,6.518049,8.736196,-0.22540264,0.61939913,1.0726478,walking
1775211647150,-0.7932207,6.518049,8.736196,-0.010384403,0.74401194,1.1361759,walking
1775211647151,-0.84107715,6.6329045,8.807981,-0.010384403,0.74401194,1.1361759,walking
1775211647169,-1.0229317,6.5850477,9.142975,-0.010384403,0.74401194,1.1361759,walking
1775211647170,-1.0229317,6.5850477,9.142975,0.12522368,0.85396445,1.2303991,walking
1775211647197,-1.0229317,6.5850477,9.142975,0.20585553,0.88328516,1.3635638,walking
1775211647198,-1.3004991,6.3122663,9.300901,0.20585553,0.88328516,1.3635638,walking
1775211647213,-1.4344971,5.9676995,9.147761,0.20585553,0.88328516,1.3635638,walking
1775211647214,-1.4344971,5.9676995,9.147761,0.28282228,0.8405258,1.5016153,walking
1775211647227,-1.4344971,5.9676995,9.147761,0.35368055,0.78432786,1.6152328,walking
1775211647227,-1.3818551,5.6997037,8.989835,0.35368055,0.78432786,1.6152328,walking
1775211647251,-1.3818551,5.6997037,8.989835,0.37444937,0.7513421,1.6934214,walking
1775211647252,-1.3100704,5.7427745,9.008977,0.37444937,0.7513421,1.6934214,walking
1775211647267,-1.3100704,5.7427745,9.008977,0.30603448,0.7366818,1.7374023,walking
1775211647268,-1.2430713,5.814559,9.410972,0.30603448,0.7366818,1.7374023,walking
1775211647295,-1.329213,5.800202,9.889536,0.30603448,0.7366818,1.7374023,walking
1775211647296,-1.329213,5.800202,9.889536,0.17775655,0.70247436,1.7642796,walking
1775211647308,-1.6881363,5.666204,10.1288185,0.17775655,0.70247436,1.7642796,walking
1775211647308,-1.6881363,5.666204,10.1288185,0.076355904,0.62795097,1.8033738,walking
1775211647325,-1.6881363,5.666204,10.1288185,0.012827792,0.5546493,1.85835,walking
1775211647326,-1.4919249,5.4556355,10.2723875,0.012827792,0.5546493,1.85835,walking
1775211647345,-0.8602197,5.005785,10.186246,0.012827792,0.5546493,1.85835,walking
1775211647346,-0.8602197,5.005785,10.186246,-0.03603999,0.59130013,1.8693453,walking
1775211647375,-0.19980069,4.493721,9.296116,-0.03603999,0.59130013,1.8693453,walking
1775211647376,-0.19980069,4.493721,9.296116,-0.018936265,0.715913,1.8119256,walking
1775211647392,-0.19980069,4.493721,9.296116,0.0775776,0.8955021,1.738624,walking
1775211647393,0.38404804,4.2831526,7.9513497,0.0775776,0.8955021,1.738624,walking
1775211647406,0.38404804,4.2831526,7.9513497,0.1655396,1.0775346,1.6750959,walking
1775211647406,0.010767702,3.804588,7.8221374,0.1655396,1.0775346,1.6750959,walking
1775211647422,0.010767702,3.804588,7.8221374,0.18753012,1.196039,1.6042376,walking
1775211647423,-1.2335001,4.0390844,7.223932,0.18753012,1.196039,1.6042376,walking
1775211647453,-1.2335001,4.0390844,7.223932,0.15332267,1.4002147,1.6323366,walking
1775211647453,-1.4919249,4.4985065,7.1042905,0.15332267,1.4002147,1.6323366,walking
1775211647467,-1.4919249,4.4985065,7.1042905,0.010384403,1.6335583,1.754506,walking
1775211647467,-1.678565,3.67059,7.8029947,0.010384403,1.6335583,1.754506,walking
1775211647480,-1.678565,3.67059,7.8029947,-0.16309622,1.7508409,1.7960436,walking
1775211647481,-1.7599211,2.009971,8.597412,-0.16309622,1.7508409,1.7960436,walking
1775211647500,-1.6402799,1.8903298,8.238488,-0.16309622,1.7508409,1.7960436,walking
1775211647500,-1.6402799,1.8903298,8.238488,-0.24739315,1.7508409,1.6506621,walking
1775211647520,-1.4584254,3.5557344,9.262616,-0.24739315,1.7508409,1.6506621,walking
1775211647520,-1.4584254,3.5557344,9.262616,-0.23028941,1.7080816,1.5016153,walking
1775211647544,-1.396212,4.6755753,8.583055,-0.23028941,1.7080816,1.5016153,walking
1775211647545,-1.396212,4.6755753,8.583055,-0.18142164,1.5846905,1.5358227,walking
1775211647560,-1.396212,4.6755753,8.583055,-0.14721419,1.5846905,1.6934214,walking
1775211647561,-1.5828521,5.666204,8.329415,-0.14721419,1.5846905,1.6934214,walking
1775211647576,-1.5828521,5.666204,8.329415,-0.14721419,1.6152328,1.9072179,walking
1775211647577,-1.7647067,6.135197,8.539984,-0.14721419,1.6152328,1.9072179,walking
1775211647596,-1.7647067,6.135197,8.539984,-0.20219044,1.5822471,2.0648165,walking
1775211647597,-1.5541383,4.5798626,8.348558,-0.20219044,1.5822471,2.0648165,walking
1775211647620,-1.5541383,4.5798626,8.348558,-0.32558158,1.559035,2.0086186,walking
1775211647620,-1.3627125,3.4025939,7.6546397,-0.32558158,1.559035,2.0086186,walking
1775211647637,-1.3627125,3.4025939,7.6546397,-0.47585002,1.6360017,1.8009304,walking
1775211647638,-1.7359928,4.254439,7.463214,-0.47585002,1.6360017,1.8009304,walking
1775211647657,-2.2097716,5.2642097,8.386844,-0.47585002,1.6360017,1.8009304,walking
1775211647657,-2.2097716,5.2642097,8.386844,-0.5931327,1.6885345,1.5517048,walking
1775211647687,-2.056631,4.776074,8.913264,-0.5931327,1.6885345,1.5517048,walking
1775211647687,-2.056631,4.776074,8.913264,-0.5980195,1.5627,1.3122526,walking
1775211647703,-2.056631,4.776074,8.913264,-0.48806697,1.3574554,1.0897515,walking
1775211647703,-1.7312071,4.7425747,9.233903,-0.48806697,1.3574554,1.0897515,walking
1775211647717,-1.7312071,4.7425747,9.233903,-0.35612395,1.1618315,0.97246885,walking
1775211647717,-1.4679967,4.7712884,8.975478,-0.35612395,1.1618315,0.97246885,walking
1775211647733,-1.4679967,4.7712884,8.975478,-0.2791572,1.0262234,0.92360103,walking
1775211647734,-2.0662024,5.130212,8.693125,-0.2791572,1.0262234,0.92360103,walking
1775211647755,-2.0662024,5.130212,8.693125,-0.30725616,0.90038884,0.907719,walking
1775211647755,-3.071188,6.0921264,9.415757,-0.30725616,0.90038884,0.907719,walking
1775211647775,-3.071188,6.0921264,9.415757,-0.39766157,0.61695576,0.9541434,walking
1775211647775,-2.367698,5.771488,9.693324,-0.39766157,0.61695576,0.9541434,walking
